stan : ['stanbicbank.co.zw', 'stanbicbank.co.bw', 'stanbicbank.co.zm', 'stanleyelectricus.com', 'stanbicbank.co.ke']
astr : ['astrazeneca.ua', 'astrazeneca.hu', 'astrazeneca.no', 'astrazeneca.dk', 'astrazeneca.com.tr', 'astrazeneca.ca', 'astreitalia.it', 'astrazeneca.pt', 'astrazeneca.com.hk']
auto : ['autosecuritas-ct-seysses.fr', 'autosecuritas-barlin.fr', 'autosecuritas-ct-notre-dame-doe.fr', 'autosecuritas-passins.fr', 'autosecuritas-ctlp.fr', 'autosecuritas-tallard.fr', 'autosecuritaslemoule.fr', 'autosecuritas-ducos.fr']
ovb : ['ovb.ro', 'ovb.at', 'ovb.gr']
mazd : ['mazda-autohaus-hellwig-hoyerswerda.de', 'mazda-autohaus-kaschmieder-waren.de', 'mazda-autohaus-lackmann-sendenhorst.de', 'mazdaofamarillo.com', 'mazda-autohaus-roessel-birkenau.de', 'mazda-poznan-voyager.pl', 'mazda-autohaus-wassing-ahaus-wuellen.de', 'mazda-autohaus-henseler-schwedt.de', 'mazda.de', 'mazda-autohaus-hansmann-kassel.de', 'mazdabali.co.id', 'mazda-autohaus-sturne-rochlitz.de', 'mazda-autohaus-blank-dinkelsbuehl.de', 'mazda-autohaus-becker-homburg-bruchhof.de', 'mazda-autohaus-roessel-birkenau.de', 'mazda-autohaus-sturne-grimma.de', 'mazda-autohaus-fenzl-hauzenberg.de', 'mazda-autohaus-tabbouch-speyer.de', 'mazda-autohaus-haese-erkrath-hochdahl.de', 'mazda-autohaus-kilger-regen.de', 'mazdalakeland.com', 'mazda-rzeszow-czach.pl', 'mazda-autohaus-banaszak-kleve.de', 'mazda-autohaus-elstner-jena.de', 'mazda-autohaus-dorner-riedlingen.de', 'mazda-service-koch-ludwigsfelde.de', 'mazda-autohaus-ludwig-halle-neustadt.de', 'mazda-angola-autozuid.com', 'mazda-ma.com', 'mazda.fi', 'mazda-autohaus-dorner-riedlingen.de', 'mazda-autohaus-buelo-naumburg.de', 'mazda-autohaus-thoss-falkenstein.de', 'mazdaoforange.com', 'mazdaofamarillo.com', 'mazda-autohaus-lotspeich-muenchen.de', 'mazda.ru', 'mazda-autohaus-fritsche-grossschoenau.de', 'mazda-sosnowiec-mirai.pl', 'mazda-autohaus-sturne-grimma.de', 'mazda-autohaus-schindlbeck-straubing.de', 'mazda-autohaus-mueller-und-thurnes-tholey.de', 'mazda-autohaus-albstadt-auto-domicil-ebingen.de', 'mazda-krakow-kazokuluzar.pl', 'mazda-uae.com', 'mazda-autohaus-doerenkaemper-bad-hersfeld.de', 'mazda-press.com', 'mazda.hu', 'mazda-rzeszow-czach.pl', 'mazda-autohaus-stiefel-muehlacker.de', 'mazda-autohaus-boehme-lutherstadt-wittenberg.de', 'mazdacity.com', 'mazda-autohaus-abs-erlangen.de', 'mazda-autohaus-wilhelm-huellhorst.de', 'mazda-autohaus-lehmann-senftenberg.de', 'mazdaofspartanburg.com', 'mazdafwb.com', 'mazda-autohaus-heider-dresden.de', 'mazda-autohaus-rausch-dresden.de', 'mazda-autohaus-voigtlaender-meyer-hamburg.de', 'mazda.lt', 'mazda-autohaus-lackmann-sendenhorst.de', 'mazdaofpottstown.com', 'mazda-automobile-weberpals-sonneberg-hoenbach.de', 'mazda-warszawa-bemomotors.pl', 'mazda-autohaus-hansmann-melsungen.de', 'mazda.ua', 'mazda.com.ec', 'mazda-autohaus-schmidt-meschede.de', 'mazda-autohaus-weber-magdeburg.de', 'mazda-tarnowskiegory-mirai.pl', 'mazda112.com', 'mazda-autocentrum-engin-holzminden.de', 'mazdacity.com', 'mazda.al', 'mazdaofescondido.com', 'mazda-autohaus-kramer-kirchberg.de', 'mazdalakeland.com', 'mazdaofwestridge.com', 'mazdaofpoughkeepsie.com', 'mazda-autohaus-w-k-kamen.de', 'mazda-autohaus-tietje-holmb-wedel.de', 'mazda-autohaus-engelbart-delmenhorst.de', 'mazda.com.sg', 'mazda-autohaus-mueller-und-thurnes-tholey.de', 'mazda-autohaus-gruendel-doerth.de', 'mazdaofnorthmiami.com', 'mazda.si', 'mazdaofchicagoland.com', 'mazda-warszawa-auto2000.pl', 'mazdaofpoughkeepsie.com', 'mazda-autohaus-wedding-engelskirchen-albertsth.de', 'mazda-autohaus-trumpf-wimmelburg.de', 'mazda-autohaus-lohmann-kreuztal.de', 'mazda-autohaus-tillack-perleberg.de', 'mazdaofwestridge.com', 'mazda-autohaus-misch-uebach-palenberg.de', 'mazda-autohaus-suedring-datteln.de', 'mazda-automobile-maier-cham.de', 'mazda-autohaus-boehme-lutherstadt-wittenberg.de', 'mazdacorpuschristi.com', 'mazdalanka.lk', 'mazdaoforlandpark.com', 'mazda-autohaus-hamester-hamburg-bergedorf.de', 'mazda-autohaus-ruettiger-wallduern.de', 'mazda-autohaus-bolluck-goslar.de', 'mazda.com.sg', 'mazda.gr', 'mazda-autohaus-hansmann-melsungen.de', 'mazda-autohaus-kaschmieder-waren.de', 'mazda.bg', 'mazda-autohaus-hellwig-hoyerswerda.de', 'mazda-autohaus-wagner-dortmund.de', 'mazda-automobile-maier-cham.de', 'mazda-autohaus-berlenbach-bergischgladbach.de', 'mazdacorpuschristi.com', 'mazda-autohaus-eisele-langenau.de', 'mazda-autohaus-witthoeft-bad-oldesloe.de', 'mazdaofportcharlotte.com', 'mazda-autohaus-roeser-grossmaischeid.de', 'mazdaofcolumbia.com', 'mazda.ua', 'mazda-autohaus-klein-bietigheim-bissingen.de', 'mazda-poznan-voyager.pl', 'mazdaofsouthcharlotte.com', 'mazda-autohaus-haese-erkrath-hochdahl.de', 'mazdaofnorthmiami.com', 'mazda-autohaus-misch-uebach-palenberg.de', 'mazda-autohaus-eisele-langenau.de', 'mazda-autohaus-bayer-goessweinstein.de', 'mazda-autohaus-ehrlich-aschaffenburg.de', 'mazda-autocentrum-engin-holzminden.de', 'mazda-autohaus-hansmann-kassel.de', 'mazda-autohaus-schmidt-oschatz.de', 'mazda-autohaus-gerhard-figge-waldeck-hoeringhausen.de', 'mazda-autohaus-schmidt-grossenhain.de', 'mazdaofmidland.com', 'mazda-autohaus-trumpf-wimmelburg.de', 'mazda-autohaus-dittrich-genthin-huettermuehle.de', 'mazda-autohaus-schmidt-grossenhain.de', 'mazda-warszawa-nivette.pl', 'mazdaofamarillo.com', 'mazda-autohaus-schneider-sondershausen.de', 'mazda-autohaus-rottmann-bottrop.de', 'mazda-autohaus-stoelzel-doehlau.de', 'mazdaofspartanburg.com', 'mazda-autohaus-baumgart-altensteig.de', 'mazda-autohaus-ludwig-halle-neustadt.de', 'mazda.com.kh', 'mazda-autohaus-kopke-bendel-marl.de', 'mazda.com.sg', 'mazdaoforange.com', 'mazda-autohaus-haeusler-fuerstenfeldbruck.de', 'mazda-autohaus-hamester-hamburg-bergedorf.de', 'mazda-autohaus-albers-doerpen.de', 'mazda-service-metz-marne.de', 'mazda-autohaus-weiss-niedernhausen.de', 'mazda-autohaus-schindlbeck-schwandorf.de', 'mazda-autohaus-grasdanner-holzkirchen.de', 'mazda-autohaus-ehrlich-aschaffenburg.de', 'mazdaofconshohocken.com', 'mazda-autohaus-fenzl-hauzenberg.de', 'mazda-autohaus-kalina-gelsenkirchen.de', 'mazda-uae.com', 'mazda-autohaus-wagner-dortmund.de', 'mazda.com.tw', 'mazda-warszawa-auto2000.pl', 'mazda-bcrmotors.ru', 'mazda-autohaus-rottmann-bottrop.de', 'mazda-autohaus-gerhard-figge-waldeck-hoeringhausen.de', 'mazda-autohaus-stoelzel-doehlau.de', 'mazdaofmidland.com', 'mazda-autohaus-hoeffner-clausen.de', 'mazda-autohaus-tabbouch-speyer.de', 'mazda-autohaus-engelbart-delmenhorst.de', 'mazda-autohaus-suedring-datteln.de', 'mazda.co.za', 'mazda-warszawa-odyssey.pl', 'mazdaofalexandria.com', 'mazda.bg', 'mazda-autohaus-goedde-meschede.de', 'mazdaofalexandria.com', 'mazda-autohaus-fritsche-grossschoenau.de', 'mazda-autohaus-ahb-gotha.de', 'mazda-autohaus-voigtlaender-meyer-hamburg.de', 'mazda-wroclaw-jaremko.pl', 'mazdalanka.lk', 'mazdaofpottstown.com', 'mazda-wroclaw-wrobel.pl', 'mazdaofpoughkeepsie.com', 'mazda-autohaus-rausch-dresden.de', 'mazda-autohaus-friedmann-steinfeld.de', 'mazda-autohaus-berlenbach-bergischgladbach.de', 'mazda.gr', 'mazda.nl', 'mazda-autohaus-gollan-hamm.de', 'mazda-autohaus-thoss-falkenstein.de', 'mazda-bielskobiala-autogazda.pl', 'mazdaofnewrochelle.com', 'mazdafwb.com', 'mazda-sosnowiec-mirai.pl', 'mazda-lodz-matsuoka.pl', 'mazda-autohaus-doerenkaemper-bad-hersfeld.de', 'mazda-autohaus-ubben-aurich.de', 'mazdaoforlandpark.com', 'mazda.ph', 'mazdaofwooster.com', 'mazda.es', 'mazda-autohaus-torp-wilhelmshaven.de', 'mazdanorkar.com', 'mazda-krakow-kazokuluzar.pl', 'mazda.es', 'mazda-autohaus-gollan-hamm.de', 'mazda-autohaus-schneider-sondershausen.de', 'mazda-autopark-rath-krefeld.de', 'mazdalanka.lk', 'mazda-lodz-matsuoka.pl', 'mazda-autohaus-dohm-horn-bad-meinberg.de', 'mazda-autohaus-henseler-schwedt.de', 'mazda-autohaus-schreier-biebergemuend-bieber.de', 'mazda-autohaus-elstner-jena.de', 'mazda-autohaus-brutschin-lenzkirch.de', 'mazda-autohaus-torp-wilhelmshaven.de', 'mazdaofbedford.com', 'mazda.lv', 'mazda-autohaus-mueller-plauen.de', 'mazda-autohaus-bolluck-goslar.de', 'mazdaofspartanburg.com', 'mazda-autohaus-gruendel-doerth.de', 'mazdaofbedford.com', 'mazda-wroclaw-wrobel.pl', 'mazda-autohaus-hoeffner-clausen.de', 'mazda-autohaus-schindlbeck-straubing.de', 'mazda-autohaus-wilk-kaczmarek-schwerin.de', 'mazda-autohaus-friedmann-steinfeld.de', 'mazda-autohaus-schmidt-meschede.de', 'mazda-autohaus-blank-dinkelsbuehl.de', 'mazda-autohaus-schindlbeck-schwandorf.de', 'mazda-autohaus-wedding-engelskirchen-albertsth.de', 'mazda-autohaus-albers-doerpen.de', 'mazda-autohaus-ruettiger-wallduern.de', 'mazda-autohaus-bayer-goessweinstein.de', 'mazda-autohaus-banaszak-kleve.de', 'mazda-autohaus-schwenke-duisburg.de', 'mazda.co.me', 'mazda-autohaus-wassing-ahaus-wuellen.de', 'mazda-autohaus-moellenkamp-rheine.de', 'mazda-autohaus-born-ludwigslust.de', 'mazda-autohaus-roeser-grossmaischeid.de', 'mazdaofmilford.com', 'mazda-autohaus-klein-bietigheim-bissingen.de', 'mazdaofalexandria.com', 'mazda-autohaus-albstadt-auto-domicil-ebingen.de', 'mazda-autohaus-becker-homburg-bruchhof.de', 'mazda-autohaus-lommel-grettstadt.de', 'mazda-autohaus-weiss-niedernhausen.de', 'mazda-autohaus-kopke-bendel-marl.de', 'mazdademagog.com', 'mazdaofconshohocken.com', 'mazda-autohaus-baumgart-altensteig.de', 'mazdaofcolumbia.com', 'mazdavardi.com.co', 'mazda-autohaus-richter-forst.de', 'mazda.com.tw', 'mazda-autohaus-flindt-marschacht.de', 'mazdacity.com', 'mazda-autohaus-schreier-biebergemuend-bieber.de', 'mazda-autohaus-ahb-gotha.de', 'mazda-automobile-weberpals-sonneberg-hoenbach.de', 'mazdadesherbrooke.com', 'mazda-autohaus-hohenfeld-dinslaken.de', 'mazda-autohaus-stiefel-muehlacker.de', 'mazda-autohaus-heider-dresden.de', 'mazda.co.me', 'mazdaoflodi.com', 'mazda-autohaus-richter-forst.de', 'mazda-autohaus-mork-rockenhausen.de', 'mazda.lv', 'mazda.al', 'mazda-autohaus-wilk-kaczmarek-schwerin.de', 'mazda-warszawa-bemomotors.pl', 'mazda-autohaus-sturne-rochlitz.de', 'mazda-autohaus-wuttke-gummersbach.de', 'mazdaofnewrochelle.com', 'mazda-autohaus-behrens-magdeburg-ottersleben.de', 'mazda-autohaus-witthoeft-bad-oldesloe.de', 'mazda-autohaus-dohm-horn-bad-meinberg.de', 'mazda-wroclaw-jaremko.pl', 'mazda.com.tr', 'mazda-autohaus-schmidt-oschatz.de', 'mazda.lt', 'mazda-warszawa-odyssey.pl', 'mazda-autohaus-lehmann-senftenberg.de', 'mazda.com.kh', 'mazda-autohaus-goedde-meschede.de', 'mazda-warszawa-nivette.pl', 'mazda-autohaus-buelo-naumburg.de', 'mazda-autohaus-henn-weilamrhein.de', 'mazda.hu', 'mazda-autohaus-schwenke-duisburg.de', 'mazdaofsouthcharlotte.com', 'mazda.si', 'mazdaoflodi.com', 'mazdaofescondido.com', 'mazda112.com', 'mazdaofmilford.com', 'mazda.com.ec', 'mazda-autohaus-tillack-perleberg.de', 'mazdaofpottstown.com', 'mazda-autohaus-henn-weilamrhein.de', 'mazdaofwooster.com', 'mazda-autohaus-banaszak-wesel.de', 'mazdaofportcharlotte.com', 'mazdanorkar.com', 'mazda-autohaus-lohmann-kreuztal.de', 'mazda-autohaus-w-k-kamen.de', 'mazda-autohaus-kramer-kirchberg.de', 'mazda-autohaus-weber-magdeburg.de', 'mazda-autohaus-lotspeich-muenchen.de', 'mazda.ph', 'mazda-autohaus-banaszak-wesel.de', 'mazda-autohaus-kalina-gelsenkirchen.de', 'mazda-autohaus-wilhelm-huellhorst.de', 'mazdabali.co.id', 'mazda-autohaus-flindt-marschacht.de', 'mazda-autohaus-huck-buehl.de', 'mazda-autohaus-ubben-aurich.de', 'mazda-autohaus-abs-erlangen.de', 'mazdaofchicagoland.com', 'mazda-tarnowskiegory-mirai.pl', 'mazda-service-metz-marne.de', 'mazdaofconshohocken.com', 'mazda-autohaus-behrens-magdeburg-ottersleben.de', 'mazda.com.tr', 'mazda-bielskobiala-autogazda.pl', 'mazda-autohaus-tietje-holmb-wedel.de', 'mazda-autohaus-brutschin-lenzkirch.de', 'mazda.fi', 'mazda-bcrmotors.ru', 'mazda-autohaus-hohenfeld-dinslaken.de', 'mazda-autohaus-lommel-grettstadt.de', 'mazda-autohaus-grasdanner-holzkirchen.de', 'mazda-autohaus-born-ludwigslust.de']
toyo : ['toyota-buchreiter-eisenstadt.at', 'toyotanatas.com.tr', 'toyotafocsani.ro', 'toyotaaktoy.com.tr', 'toyotagocmenturk.com.tr', 'toyotabacau.ro', 'toyota-annecy.fr', 'toyotaaktoy.com.tr', 'toyota-bauer.at', 'toyota-rillieux.fr', 'toyotasandikci.com.tr', 'toyotaortakoy.com.tr', 'toyotakar.com.tr', 'toyotadolak.cz', 'toyotabakircilarfethiye.com.tr', 'toyotacavdarli.com.tr', 'toyotasarar.com.tr', 'toyotaakkoyunlu.com.tr', 'toyotaotojen.com.tr', 'toyotaconstanta.ro', 'toyotagoktepe.com.tr', 'toyotabucurestinord.ro', 'toyotamezcar.com.tr', 'toyotatokullar.com.tr', 'toyota-s.co.il', 'toyotanatas.com.tr', 'toyota-bornholm.dk', 'toyotamici.com.tr', 'toyota-saint-victoret.com', 'toyotaelpa.com.tr', 'toyotasamlioglu.com.tr', 'toyotaakkoyunlu.com.tr', 'toyota.com.kh', 'toyota-indus.com', 'toyotayoruk.com.tr', 'toyotasarar.com.tr', 'toyotaefe.com.tr', 'toyotayatumugla.com.tr', 'toyotasud.ro', 'toyotaparmaksizlar.com.tr', 'toyotaalbay.com.ph', 'toyotaalbania.al', 'toyotamezcar.com.tr', 'toyota-marseille.com', 'toyotasamlioglu.com.tr', 'toyota.bo', 'toyotatoyan.com.tr', 'toyotasouthern.com', 'toyotahizel.com.tr', 'toyotaploiesti.ro', 'toyotaboranlar.com.tr', 'toyotaefe.com.tr', 'toyotaparmaksizlar.com.tr', 'toyotakuzen.com.tr', 'toyotaoztoprakhatay.com.tr', 'toyotabakircilarfethiye.com.tr', 'toyota-corbeil.fr', 'toyota-montluel.fr', 'toyota-chartres.fr', 'toyotaelpa.com.tr', 'toyotabacau.ro', 'toyota-ulrichshofer.at', 'toyota-evreux.fr', 'toyotamezcar.com.tr', 'toyotayigitvar.com.tr', 'toyotahizel.com.tr', 'toyotabakircilarfethiye.com.tr', 'toyotabeerens.be', 'toyotacetas.com.tr', 'toyotayoruk.com.tr', 'toyotayigitvar.com.tr', 'toyotaaydogan.com.tr', 'toyotaderinderekocak.com.tr', 'toyotaaykon.com.tr', 'toyota-s.co.il', 'toyotayatubodrum.com.tr', 'toyota.com.mt', 'toyotasanpablo.com.ph', 'toyota.com.co', 'toyotahonduras.com', 'toyotaaykon.com.tr', 'toyotayatubodrum.com.tr', 'toyota.com.mt', 'toyotaploiesti.ro', 'toyotaderinderekocak.com.tr', 'toyotayatumugla.com.tr', 'toyota-evreux.fr', 'toyotaderinderekocak.com.tr', 'toyota-niederberger.at', 'toyota.com.mk', 'toyota-innviertel.at', 'toyotaborovali.com.tr', 'toyotaoztoprakhatay.com.tr', 'toyota-paris5.fr', 'toyotatokullar.com.tr', 'toyotabatangas.com.ph', 'toyotaakten.com.tr', 'toyota-bauer.at', 'toyotaotojen.com.tr', 'toyota-givors.fr', 'toyota.com.mk', 'toyota-bornholm.dk', 'toyotaotojen.com.tr', 'toyota.co.tz', 'toyotacavdarli.com.tr', 'toyotacavdarli.com.tr', 'toyotaoztoprakhatay.com.tr', 'toyotaelpa.com.tr', 'toyotaborovali.com.tr', 'toyotaalbania.al', 'toyotatokullar.com.tr', 'toyota-saint-victoret.com', 'toyotasarar.com.tr', 'toyotayoruk.com.tr', 'toyotaer.com.tr', 'toyotapasongtamo.com', 'toyotanatas.com.tr', 'toyotaonatca.com.tr', 'toyotahizel.com.tr', 'toyotabeerens.be', 'toyotasonkar.com.tr', 'toyotagoktepe.com.tr', 'toyotadolak.cz', 'toyotanorthedsa.com', 'toyota-handler.at', 'toyotasonkar.com.tr', 'toyota-saint-victoret.com', 'toyotabucurestinord.ro', 'toyotayatumugla.com.tr', 'toyotaakkoyunlu.com.tr', 'toyotaaktoy.com.tr', 'toyotamici.com.tr', 'toyotatoyan.com.tr', 'toyotaakten.com.tr', 'toyota.com.la', 'toyotaaydogan.com.tr', 'toyotaer.com.tr', 'toyotacetas.com.tr', 'toyotaefe.com.tr', 'toyota.ae', 'toyotagocmenturk.com.tr', 'toyotatoyan.com.tr', 'toyotagocmenturk.com.tr', 'toyotaaykon.com.tr', 'toyotaakten.com.tr', 'toyota-rambouillet.fr', 'toyotakocaelikaya.com.tr', 'toyota.com.mt', 'toyotakuzen.com.tr', 'toyotayatubodrum.com.tr', 'toyota.com.mk', 'toyotaquezonavenue.com.ph', 'toyotakocaelikaya.com.tr', 'toyota-magny.fr', 'toyota-rambouillet.fr', 'toyotamacau.com', 'toyotakar.com.tr', 'toyotaonatca.com.tr', 'toyotakuzen.com.tr', 'toyota-buchreiter-eisenstadt.at', 'toyota-s.co.il', 'toyotacomauto.com', 'toyotacommonwealth.com', 'toyotayigitvar.com.tr', 'toyotasandikci.com.tr', 'toyotahonduras.com', 'toyotaboranlar.com.tr', 'toyotasonkar.com.tr', 'toyotaortakoy.com.tr', 'toyotaonatca.com.tr', 'toyotaaydogan.com.tr', 'toyotaborovali.com.tr', 'toyota-lyonsud.fr', 'toyota.com.np', 'toyotakocaelikaya.com.tr', 'toyotamici.com.tr', 'toyotaer.com.tr', 'toyotadefence.com', 'toyotasud.ro', 'toyota-marseille.com', 'toyotafocsani.ro']
ebay : ['ebay.cn', 'ebayglobalshipping.com', 'ebay.cn', 'ebay.com.hk', 'ebay.co.kr', 'ebay.fr', 'ebay.pl', 'ebay.pl', 'ebay.com.tw', 'ebay.fr', 'ebay.com.tw', 'ebay.co.kr', 'ebay.it', 'ebayglobalshipping.com', 'ebay.com.hk']
grea : ['greatplacetowork.com.bo', 'greatplacetowork.com.cy', 'greatplacetowork.se', 'greatplacetowork.com.pe', 'greatplacetowork.co.kr', 'greatplacetowork.lu', 'greatplacetowork.mu', 'greatplacetowork.be', 'greatplacetowork.com.vn', 'greatplacetowork.com.cy', 'greatplacetowork.com.ar', 'greatplacetowork.com.sg', 'greatplacetowork.com.tr', 'greatplacetowork.pt', 'greatplacetowork.com.ve', 'greatplacetowork.co.il', 'greatplacetowork.ch', 'greatplacetowork.co.ke', 'greatplacetowork.com.py', 'greatplacetowork.pl', 'greatplacetowork.com.ve', 'greatplacetowork.fr', 'greatplacetowork.com.co', 'greatplacetowork.gr', 'greatplacetowork.cl', 'greatplacetowork.com.uy', 'greatplacetowork.is', 'greatplacetowork.com.sg', 'greatplacetowork.is', 'greatplacetowork.com.tr', 'greatplacetowork.cn', 'greatplacetowork.com.au', 'greatplacetowork.com.mm', 'greatplacetowork.at', 'greatplacetowork.es', 'greatplacetowork.co.ke', 'greatplacetowork.ch']
wurt : ['wurth-international.com', 'wurthsaudi.com', 'wurth.co', 'wurth.com.uy', 'wurth-international.com.cn', 'wurth.fi', 'wurth.ua', 'wurthsaudi.com', 'wurth.com.uy', 'wurth.lk', 'wurth.com.vn', 'wurth.hu', 'wurthindustry.ca', 'wurth.com.do', 'wurth-int.com', 'wurth.com.mk', 'wurth.hu', 'wurth.ae', 'wurth.ua', 'wurthindustry.ca', 'wurth.co', 'wurth.com.vn', 'wurth.com.vn', 'wurth.co.ke', 'wurth.lk', 'wurth-international.com.cn', 'wurth.ua', 'wurth.co.nz', 'wurth.kz', 'wurth.com.tw', 'wurth.co.ke', 'wurth.com.mk', 'wurth.co.uk', 'wurth.lk', 'wurth-int.com', 'wurth.com.mk', 'wurthcanarias.es', 'wurth.lv', 'wurth.pe', 'wurth.cl', 'wurth-international.com', 'wurthsaudi.com', 'wurth.co.ke', 'wurth.com.tw', 'wurth.rs', 'wurth.es', 'wurthsaudi.com', 'wurth.co.za', 'wurth.nl', 'wurth.pt', 'wurth.kz', 'wurth.ua', 'wurth.com.do', 'wurth-international.com', 'wurth.hu', 'wurth.com.uy', 'wurth.sk']
plam : ['plameco-hannover.de', 'plameco.nl', 'plameco.be', 'plameco-rheinsieg.de', 'plameco-huizen.nl', 'plameco.at', 'plameco-baer.de', 'plameco-hannover.de', 'plameco-bonn.de', 'plameco-baer.de', 'plameco-rheinsieg.de']
kia : ['kia-moeller-wunstorf.de', 'kia-suedmobile-radolfzell.de', 'kia-gorny-eislingen.de', 'kia-moeller-eisenach.de', 'kia-mueller-genthin.de', 'kia-plt.ru', 'kia-ci.com', 'kia-crimea.ru', 'kia-kmv.ru', 'kia-chita.ru', 'kia-hotz-gardelegen.de', 'kia-christ-ansbach.de', 'kia-strehle-dresden.de', 'kia-asc.ru', 'kia-bachmann-wehretal.de', 'kia-brass-frankfurt.de', 'kia-gj-remagen-rolandseck.de', 'kia-diamant-wiesbaden.de', 'kia-kurt-recklinghausen.de', 'kia.com.np', 'kia-penning-zetelneuenburg.de', 'kia-koenig-teltow.de', 'kia-vogt-finningen.de', 'kia.com.cy', 'kia-daehn-goeritz.de', 'kia-schmid-hoehenkirchen.de', 'kia-fischer-cottbus.de', 'kia-schunke-aurich.de', 'kia-kroppen-herten.de', 'kia-bender-coburg.de', 'kia-brueggemann-neubrandenburg.de', 'kia-settele-neu-ulm.de', 'kia-ds-lampertheim.de', 'kia-telke-badschlema.de', 'kia-levy-wittenberg.de', 'kia-dresen-neuss.de', 'kia-ebner-baienfurt.de', 'kia-guadeloupe.com', 'kia-ahs-roehrnbach.de', 'kia-mouscron.be', 'kia.com.ni', 'kia-etehad-halstenbek.de', 'kia-hoff-trier.de', 'kia-burian-celle.de', 'kia-brueggemann-brandenburg.de', 'kia.pt', 'kia-exner.de', 'kia-fugel-dresden.de', 'kia.am', 'kia-jaeger-bevern.de', 'kia-exner.de', 'kia-maier-cham.de', 'kia.co.mz', 'kia-sauter-albstadt.de', 'kia.com.uy', 'kia-auto-center-weiterstadt.de', 'kia-bandung.com', 'kia-trinkle-schorndorf.de', 'kia-beyschlag.at', 'kia-duerkop-hannover.de', 'kia-guenther-dingelstaedt.de', 'kia-autoprodix.ru', 'kia-car-center-wismar.de', 'kia-wandscher-oldenburg.de', 'kia-h-p-schiffweiler.de', 'kia-engbert-datteln.de', 'kia-lange-gosen.de', 'kia-fischer-muenchberg.de', 'kia.com.co', 'kia.co.sz', 'kia-poeschl-bensheim.de']
ccus : ['ccusa.co.nz', 'ccusa.com.au', 'ccusa.hu', 'ccusa.ca', 'ccusa.cz', 'ccusa.nl', 'ccusa.co.uk', 'ccusa.sk', 'ccusa.co.za']
tupp : ['tupperware.at', 'tupperware.co.kr', 'tupperware.es', 'tupperware.be', 'tupperware.fr', 'tupperwarefiesta.com', 'tupperware.gr', 'tupperware.com.vn', 'tupperware.com.ar', 'tupperware.it', 'tupperware.pl', 'tupperware.nl']
zala : ['zalando.cz', 'zalando.dk', 'zalando.no', 'zalando.at', 'zalando.be', 'zalando.ee', 'zalando.dk', 'zalando.at', 'zalando.pl', 'zalando.ch', 'zalando.ch', 'zalando.cz', 'zalando.no', 'zalando.cz', 'zalando.be', 'zalando.nl', 'zalando.ch', 'zalando.nl', 'zalando.be', 'zalando.co.uk', 'zalando.pl', 'zalando.nl', 'zalando.dk', 'zalando.at', 'zalando.no']
croc : ['crocs.com.uy', 'crocs.co.id', 'crocs.ch', 'crocs.co.id', 'crocssa.co.za', 'crocs.pl', 'crocs.ch', 'crocs.com.uy', 'crocs.cl', 'crocs.co.nz', 'crocs.cl', 'crocs.ch', 'crocs.com.uy', 'crocs.co.nz', 'crocssa.co.za', 'crocs.com.ec', 'crocs.co.nz', 'crocs.com.pe', 'crocs.pl', 'crocs.com.uy', 'crocs.co.id', 'crocs.com.ec', 'crocs.com.ec']
ymca : ['ymcasteuben.org', 'ymca-cnw.org', 'ymcawaycross.com', 'ymcachicago.org', 'ymcaokc.org', 'ymcasf.org', 'ymca-ywca.org', 'ymcaswv.com', 'ymcaup.org', 'ymcatrivalley.org', 'ymcalouisville.org', 'ymcatriangle.org', 'ymcatoledo.org']
engi : ['engie.co.uk', 'engie.pt', 'engie.cl', 'engie.de', 'engie.cl', 'engie-africa.com', 'engiemiddleeast.com', 'engie.sk', 'engieservices.us', 'engieindia.com', 'engie-ecserwis.pl', 'engie.de', 'engie-energia.pe', 'engie-africa.com', 'engieindia.com', 'engiemiddleeast.com', 'engieresources.com', 'engie.co.uk', 'engieresources.com', 'engie-refrigeration.de', 'engie.pt', 'engie.nl', 'engie.pt', 'engie.com.au', 'engie-energia.pe', 'engie.de']
ibc : ['ibc-solar.jp', 'ibc-solar.pl', 'ibc-solar.es', 'ibc-solar.cz', 'ibc-solar.it', 'ibc-solar.co.za', 'ibc-solar.nl']
lidl : ['lidl.com.cy', 'lidl.lt', 'lidl-ni.co.uk', 'lidl-giftcard.eu', 'lidl-immobilien.de', 'lidl-voyages.fr', 'lidl.lv', 'lidl.lu', 'lidl.ee']
nobl : ['nobleprog.mx', 'nobleprog.co.th', 'nobleprog.ro', 'nobleprog.ro', 'nobleprog.es', 'nobleprog.com.eg', 'nobleprog.ae', 'nobleprog.com.eg', 'nobleprog.mx', 'nobleprog.com.ar', 'nobleprog.es', 'nobleprog.com.ar', 'nobleprog.ae', 'nobleprog.com.ng', 'nobleprog.co.th']
fres : ['freseniusmedicalcare.ca', 'freseniuskidneycare.ph', 'freseniuskidneycare.cn', 'freseniuskidneycare.com', 'freseniuskidneycare.asia', 'freseniuskidneycare.au']
synl : ['synlab.com.tr', 'synlab.com.gh', 'synlab.cz', 'synlab.hr', 'synlab.de', 'synlab.si', 'synlab.ec', 'synlab.com.cy', 'synlab.com.tr', 'synlab.lt', 'synlab-notes.com', 'synlab.com.ng', 'synlab.mk', 'synlab.by', 'synlab.mk', 'synlab.com.cy', 'synlab.ec']
avis : ['avis.cr', 'avis.co.mw', 'avis.com.ph', 'avis.com.do', 'avisng.com', 'avis-taiwan.com', 'avis.nc', 'avispl.de', 'avis-tahiti.com']
affi : ['affidea.ba', 'affidea.pt', 'affidea.lt', 'affidea.es', 'affidea.gr', 'affinitynonprofits.com', 'affidea.pl', 'affidea.ba', 'affidea.pl', 'affidea.ro', 'affidea.pt', 'affidea.ch', 'affidea.ro']
bake : ['bakertilly.lu', 'bakertilly.es', 'bakertilly.ci', 'bakertilly.ky', 'bakertilly.com.pa', 'bakertilly.com.pa', 'bakertilly.dk', 'bakertilly.ke', 'bakertilly.bg', 'bakertilly.lv', 'bakertilly.sg', 'bakertilly.sl', 'bakertillymapema.se', 'bakertillymapema.se', 'bakertilly.gt', 'bakertilly.lk', 'bakertilly.fr', 'bakertillylb.com', 'bakertilly-ca.com', 'bakertilly.lk', 'bakertilly.cl', 'bakertilly.se', 'bakertilly.it', 'bakertilly.com.cy', 'bakertilly.mt', 'bakertilly.com.kh', 'bakertilly.no', 'bakertilly.ba', 'bakertillylb.com', 'bakertilly.pk', 'bakertilly.sl', 'bakertilly.uy', 'bakertillyeg.com', 'bakertilly.ma', 'bakertilly.vg', 'bakertilly.ke', 'bakertilly.ba', 'bakertilly.ng', 'bakertillysek.se', 'bakertilly.es', 'bakertilly.ky', 'bakertilly.com.ve', 'bakertilly.mu', 'bakertilly.lv', 'bakertilly.ci', 'bakertilly.pt', 'bakertilly.gt', 'bakertilly.cl', 'bakertilly.ky', 'bakertilly.ng', 'bakertilly.no', 'bakertilly.lu', 'bakertilly.sg', 'bakertilly.dk', 'bakertilly.ke', 'bakertilly.gt', 'bakertilly.site', 'bakertilly.ec', 'bakertillygh.com', 'bakertilly.ec', 'bakertilly.gi', 'bakertilly.com.jm', 'bakertilly.sl', 'bakertilly.com.jm', 'bakertilly.ma', 'bakertilly.ma', 'bakertillygh.com', 'bakertillymlt.se', 'bakertilly.it', 'bakertilly.com.ve', 'bakertilly.ng', 'bakertillysek.se', 'bakertilly.pt', 'bakertilly.gi', 'bakertilly.se', 'bakertilly-ca.com', 'bakertilly.lk', 'bakertilly.gi', 'bakertilly.mu', 'bakertillyeg.com', 'bakertilly.lu', 'bakertilly.vg']
spit : ['spitex-wasseramt.ch', 'spitex-regionbirs.ch', 'spitex-wiggertal.ch', 'spitexaadorf.ch', 'spitexgossau.ch', 'spitex-region-stockhorn.ch', 'spitex-oberthurgau.ch', 'spitexzug.ch', 'spitex-oberfreiamt.ch', 'spitexgaiserwald.ch', 'spitex-imboden.ch', 'spitex-waedenswil.ch', 'spitex-hoefe.ch', 'spitexmuri.ch', 'spitexstaefa.ch', 'spitex-region-zofingen.ch', 'spitex-flawil-degersheim.ch', 'spitexbuchs.ch', 'spitex.sg', 'spitex-wuerenlos.ch', 'spitexow.ch', 'spitex-linth.ch', 'spitexlauchetal.ch', 'spitex-regiokirchspiel.ch', 'spitex-emmen.ch', 'spitex-buchs.ch', 'spitex-meggen.ch', 'spitex-rotbachtal.ch', 'spitex-zimmerberg.ch', 'spitexrontalplus.ch', 'spitexniesen.ch', 'spitex-see-lac.ch', 'spitex-regiowittenbach.ch', 'spitex-steinmaur-neerach.ch', 'spitex-grauholz.ch', 'spitex-freiamt.ch', 'spitexkempt.ch', 'spitexlueg.ch', 'spitex-trevalli.ch', 'spitex-region-kreuzlingen.ch', 'spitex-kriens.ch', 'spitextg.ch', 'spitex-appenzellerland.ch', 'spitex-rothenburg.ch', 'spitexzh.ch', 'spitex-muellheim.ch', 'spitexkaiseraugst.ch', 'spitex-gersau.ch', 'spitex-romanshorn.ch', 'spitex-bodensee.ch', 'spitexampuls.ch', 'spitexrl.ch', 'spitexgraenichen.ch', 'spitexsense.ch', 'spitex-gaeu.ch', 'spitex-aarenord.ch', 'spitex-wyland.ch']
aamc : ['aamcoanaheim.net', 'aamcoconyersga.com', 'aamcoseguin.com', 'aamcodelran.com', 'aamcobloomfield.com', 'aamcosalemor.com', 'aamcowilliamsportpa.com', 'aamcocatonsvillemd.com', 'aamco-councilbluffs.com', 'aamcotulsa-memorial.com', 'aamcopasadenatx.com', 'aamcofeastervillepa.com', 'aamcowintervillenc.com', 'aamco-newbraunfels.com', 'aamcosantaclaritaca.com', 'aamcofortworth.com', 'aamcosuffolkva.com', 'aamcometuchen.com', 'aamcotulsa-brokenarrow.com', 'aamcoconwaysc.com', 'aamcoeverett.com', 'aamcoclaymontde.com', 'aamcoeastmesa.com', 'aamcoparkvillemd.com', 'aamcowestbroward.com', 'aamco-omahasouth.com', 'aamcohialeahfl.com', 'aamcoindependencemo.com', 'aamcoburbank.com', 'aamcomissouricitytx.com', 'aamcopompanobeach.com', 'aamcovinelandnj.com', 'aamcopottstownpa.com', 'aamcosilverspringmd.com', 'aamco-bellevue.com', 'aamcochannelviewtx.com', 'aamcoroslindalema.com', 'aamcobrooklyn-ralphave.com', 'aamcopinevillenc.com', 'aamco-omahawest.com', 'aamcoinglewoodca.com', 'aamcoalexandriava.com', 'aamcovirginiabeachva.com', 'aamcoglendaleoldtown.com', 'aamcomorristown.com', 'aamcoelpaso-east.com', 'aamcowarrenmi.com', 'aamcomesacountryclub.com', 'aamcowestpalmbeach.com', 'aamco-taylorsvilleut.com', 'aamcotempe.com', 'aamcoathensga.com', 'aamcosantarosa.com', 'aamconewwindsor.com', 'aamcowoodbridgeva.com', 'aamcogastonianc.com', 'aamcosignalhill.com', 'aamcokcnorth.com', 'aamconorthtampa.com', 'aamcophilly-frankfordave.com', 'aamcopennsaukennj.com', 'aamconewportnews.com', 'aamcotigard.com', 'aamcoseattlewa.com', 'aamcoastoria.com', 'aamcosouthloopautorepair.com', 'aamcoalbuquerque.com', 'aamcocentraltampa.com', 'aamcotwinfalls.com', 'aamcobearde.com', 'aamcostatenisland.com', 'aamco-chesapeakeva.com', 'aamcocorvallisor.com', 'aamcowsa.com', 'aamcophoenixnortheast.com', 'aamcolasvegas.com', 'aamcooaklandca.com', 'aamcopembroke.com', 'aamcooklahomacity-edmond.com', 'aamcotracyca.com', 'aamcobaltimore-pulaskihwy.com', 'aamcoeuless.com', 'aamcoaloha.com', 'aamcosantacruzca.com', 'aamcoscottsdaleroad.com', 'aamcodallastx.com', 'aamcofremontca.com', 'aamcoglendalearrowhead.com', 'aamcowebstertx.com', 'aamcohuntingtonbeachca.com', 'aamcohouston-veteransmemorial.com', 'aamcodovernj.com', 'aamcoscottsdaleairpark.com', 'aamcotransmissionpensacola.com', 'aamcobakersfield-unionave.com', 'aamcowoodstock-mainst.com', 'aamcohemetca.com', 'aamcomilwaukieor.com', 'aamcooverlandpark.com', 'aamcofrederickmd.com', 'aamcolancasterca.com', 'aamcobrooklyn-atlanticave.com', 'aamcolakeforestca.com', 'aamcosouthtampa.com', 'aamcocharlottesville.com', 'aamcoyumaaz.com', 'aamcomurraysouthsaltlakecity.com', 'aamcoeugeneor.com', 'aamcofontanaca.com', 'aamco-corpuschristi.com', 'aamcowarrentonva.com', 'aamcobakersfield-whiteln.com', 'aamcocapistranobeachca.com', 'aamcoconcord.com', 'aamcomorrisvillepa.com', 'aamco-omahanorth.com', 'aamcosanrafaelca.com', 'aamcofuquayvarinanc.com', 'aamcokellertx.com', 'aamcocoronaca.com', 'aamcolaurelmd.com', 'aamcotransmissionsknoxville-kingstonpike.com', 'aamcospringfieldoh.com', 'aamcogreensburgpa.com', 'aamcoeastonpa.com', 'aamcooklahomacity-yukon.com', 'aamconorthwestfwy-houston.com', 'aamcoeastpointga.com', 'aamcoraleigh-capitalblvd.com', 'aamcorochesterny.com', 'aamcoescondido.com', 'aamcomiami-birdroad.com', 'aamcoaustin-burnetrd.com', 'aamcochino.com', 'aamconorthridgeca.com', 'aamcoorange.com', 'aamcolongbeachca.com', 'aamcoarlington-pantego.com', 'aamcosandiego-missionbay.com', 'aamcohagerstownmd.com', 'aamcoviennava.com', 'aamcomorenovalley.com', 'aamcolexingtonparkmd.com', 'aamcosurprise.com', 'aamcoutah.com', 'aamcopasadenaca.com', 'aamcoroanokeva.com', 'aamcolexingtoneast.com', 'aamcobloomingtonil.com', 'aamcomorganhill.com', 'aamcola-culvercity.com', 'aamcodelraybeach.com', 'aamcoofupland.com', 'aamcophoenixville.com', 'aamcobrookfieldwi.com', 'aamcovictorvilleca.com', 'aamcoeastbrunswick.com', 'aamcobridgewater.com', 'aamconsa.com', 'aamcospringfield.com', 'aamcoeggharbortwp.com', 'aamcostroudsburg.com', 'aamcowashingtondc.com', 'aamcobronx.com', 'aamcoroundrocktx.com', 'aamcopeoria-az.com', 'aamcoabingtonpa.com', 'aamcoreadingpa.com', 'aamcocolumbus-wbroadst.com', 'aamcoflagstaff.com', 'aamcophoenixmaryvale.com', 'aamcomiddletownny.com', 'aamcofortlauderdale-plantation.com', 'aamcocovinaca.com', 'aamcospokanevalleywa.com', 'aamcomarietta-cobbparkway.com', 'aamcoelcajon.com', 'aamcopomonaca.com', 'aamcopatchogue.com', 'aamcosantaanaca.com', 'aamcoerlanger.com', 'aamcoypsilantimi.com', 'aamcokansascitysouth.com', 'aamcoranchocucamonga.com', 'aamcoreynoldsburgoh.com', 'aamcocolumbus-clevelandave.com', 'aamcostuartfl.com', 'aamcogaithersburgmd.com', 'aamcocollegestationtx.com', 'aamco-duluthga.com', 'aamcoredlandsca.com', 'aamcorockvillemd.com', 'aamconorwalk.com', 'aamcomanchesterct.com', 'aamcobristolpa.com', 'aamcomanassasva.com', 'aamcohightstownnj.com', 'aamcospringfieldva.com', 'aamcooflascruces.com', 'aamcotopekaks.com', 'aamcocantonga.com', 'aamcoportsmouthnh.com', 'aamcosandiego-miramar.com', 'aamcoofgreensboro.com', 'aamcolubbock.com', 'aamcoreno.com', 'aamcoahwatukee.com', 'aamcoantiochca.com', 'aamcolakeworth.com', 'aamcodowneyca.com', 'aamcovancouver99.com', 'aamcohackettstown.com', 'aamcotemeculaca.com', 'aamcohamptonva.com', 'aamcophoenixcentral.com', 'aamcoconcordnh.com', 'aamcowalnutcreekca.com', 'aamcocedarparktx.com', 'aamcolexingtonwest.com', 'aamcogolflinks.com', 'aamcooklahomacity-northwest.com', 'aamcoglendaleca.com', 'aamcofortlauderdale-dixiehwy.com', 'aamcoblog.com', 'aamcosouthsarasota.com', 'aamcobradenton.com', 'aamcomcdonoughga.com', 'aamcopuyallupwa.com', 'aamcosanbernardinoca.com', 'aamcotulsa-harvard.com', 'aamcomcallen.com', 'aamcorandallstownmd.com', 'aamcocarync.com', 'aamcolawrencevillega.com']
dehe : ['deheus.com.vn', 'deheus.pl', 'deheus.rs', 'deheus.co.in', 'deheus.pt', 'deheus.id']
veol : ['veolia.com.ru', 'veolia.fr', 'veolia.ca', 'veolia.in', 'veolia.pt', 'veolia.pl', 'veoliawatertechnologies.fi', 'veolia.bg', 'veoliawatertechnologies.pl', 'veolia.fi', 'veolia.co.za', 'veolia.am', 'veolia.ca', 'veoliawatertechnologies.fr', 'veoliawatertechnologies.fi', 'veolia.ma', 'veolia.co.za', 'veoliawatertechnologies.es', 'veolia.com.sg', 'veoliawatertechnologies.it', 'veoliawatertechnologies.de', 'veoliawatertechnologies.pl', 'veoliawatertechnologies.de', 'veolia.com.gh', 'veoliawatertech.com', 'veolia.sk', 'veoliawatertechnologies.fi', 'veolia.com.ru', 'veolia.cz', 'veolia.in', 'veolia.com.gh', 'veolia.am', 'veolia.bg', 'veolia.cn', 'veoliawatertechnologies.es', 'veolia.com.gh', 'veoliawatertechnologies.de', 'veolia.de', 'veolia.ca', 'veolia.com.gh', 'veolia.es', 'veolia.be', 'veolia.jp', 'veolia.ma', 'veolia.de', 'veolia.cn', 'veolia.pt', 'veolia.ie', 'veolia.sk', 'veolia.ie', 'veolia.com.sg', 'veolia.bg', 'veolia.cz', 'veoliawatertechnologies.pl', 'veoliawatertechnologies.es', 'veolia.pl', 'veolia.es', 'veoliawatertechnologies.fi', 'veolia.fi', 'veoliawatertechnologies.fr', 'veolia.nl', 'veoliawatertechnologies.it', 'veolia.pt', 'veolia.com.ru', 'veolia.jp', 'veolia.ma', 'veolia.nl', 'veolia.com.ru', 'veoliawatertech.com', 'veolia.es', 'veoliawatertechnologies.pl', 'veoliawatertechnologies.fr', 'veoliawatertech.com', 'veolia.jp', 'veolia.fr', 'veolia.pl', 'veolia.cz', 'veolia.ma', 'veolia.co.uk', 'veoliawatertechnologies.it', 'veolia.co.za', 'veolia.in', 'veolia.am', 'veolia.am', 'veolia.co.za', 'veolia.fi', 'veolia.be', 'veolianorthamerica.com', 'veoliawatertechnologies.de', 'veolia.com.sg', 'veolia.fi', 'veolia.sk']
juli : ['julis-sh.de', 'julis-nuernberg.de', 'julis-muenchen.de', 'julis-mfr.de', 'julis-stuttgart.de', 'julis-bayern.de', 'julis-rhein-berg.de', 'julis-sachsenanhalt.de', 'julis-bremen.de']
rena : ['renault-tortosa.es', 'renaultsanzhispano.es', 'renaultmerida.com.mx', 'renault.dk', 'renaultchiva.com', 'renaultrycauto.es', 'renaulttersa.com.mx', 'renaultsancosme.com.mx', 'renaulttlalnepantla.com.mx', 'renaultcampeche.mx', 'renault.no', 'renault.pe', 'renaultchiapas.com.mx', 'renault.dk', 'renault-argenteuil.fr', 'renaultcancun.com.mx', 'renaultinterlomas.com', 'renaultcoatzacoalcos.com.mx', 'renaultsprings.co.za', 'renaultamericas.com.mx', 'renault-materom.ro', 'renault.com.my', 'renaulttlalnepantla.com.mx', 'renaultselection.co.za', 'renault-beaulieu.fr', 'renaultpuertovallarta.com.mx', 'renaultcoatzacoalcos.com.mx', 'renaultcancun.com.mx', 'renault-fama.be', 'renault-tessenderlo.be', 'renault.pe', 'renaultsprings.co.za', 'renaultchiapas.com.mx', 'renaultsanzhispano.es', 'renault-tessenderlo.be', 'renaultmonterrey.com', 'renaultecatepec.com.mx', 'renaultpachuca.com.mx', 'renaultbank.es', 'renaultamericas.com.mx', 'renault-guilers.fr', 'renaultzaragoza.com', 'renault-chihuahua.com', 'renaultmerida.com.mx', 'renaultbank.es', 'renaultpatriotismo.com.mx', 'renaulttepic.mx', 'renaultrycauto.es', 'renault-fama.be', 'renault-beaulieu.fr', 'renaultpachuca.com.mx', 'renault.com.my', 'renault-materom.ro', 'renaultsancosme.com.mx', 'renaulttepic.mx', 'renaultvercammen.be', 'renaultpatriotismo.com.mx', 'renault-chihuahua.com', 'renaultselection.co.za', 'renaulttersa.com.mx', 'renault-argenteuil.fr', 'renaultpatria.com.mx', 'renaultvercammen.be', 'renaultcampeche.mx', 'renaultzaragoza.com', 'renault-materom.ro', 'renaultecatepec.com.mx', 'renaulttersa.com.mx', 'renaultdelsol.com.mx', 'renaultinterlomas.com', 'renaultdelsol.com.mx', 'renaultpatria.com.mx', 'renault.jo', 'renault.jo', 'renaultsanzhispano.es', 'renaultmonterrey.com', 'renaultchiva.com', 'renaultpuertovallarta.com.mx']
bayw : ['baywa-re.es', 'baywa-re.vn', 'baywa-re.pl', 'baywa-re.mx', 'baywa-re.com.au', 'baywa-re.fr', 'baywa-re.co.kr']
euro : ['europa-union-sachsen-anhalt.de', 'eurofins.at', 'europa-union-diepholz.de', 'europa-union-thueringen.de', 'europa-union-bremen.de', 'europa-union-niedersachsen.de', 'eurotradus.eu', 'eurochem-na.com', 'euromaster.cz', 'eurofinsfoodtesting.nl', 'europa-union-havelland.de', 'europa-union-sachsen.de', 'europcar.me', 'europa-union-kassel.de', 'europa-union-hessen.de', 'europcar.rs', 'eurofinsfoodtesting.com', 'eurofins.hr']
pirt : ['pirtek.be', 'pirtek.ie', 'pirtek.se', 'pirtek.de', 'pirtek.eu', 'pirtek.at', 'pirtek.nl']
zkte : ['zkteco.vn', 'zktecoma.com', 'zkteco.com.eg', 'zkteco.co.za', 'zkteco.com.pk', 'zkteco.me', 'zkteco.in', 'zkteco.com.bd', 'zkteco-ao.com']
alli : ['allianz.nl', 'allianz-kuhlemann.de', 'allianz-rose.info', 'allianz-assistance.ie', 'allianz.com.gr', 'allianz-rose.info', 'allianz-genc.de', 'allianz.com.ar', 'allianz-peev.de', 'allianzlifechanger.com', 'allianz-handwerker.de', 'allianz-rose.info', 'allianz-spm.fr', 'allianzgloballife.com', 'allianz.ua', 'allianzportugal.pt', 'allianz-peev.de', 'allianz-peev.de', 'allianzdarta.ie', 'allianz.ie', 'allianz-kuhlemann.de', 'allianz.lt', 'allianz-rose.info', 'allianz-sebastiankoch.de', 'allianz-reiseschutz.de', 'allianzlifebali.com', 'allianz.sg', 'allianzportugal.pt', 'allianz-sebastiankoch.de', 'allianz.mg', 'allianz-sebastiankoch.de', 'allianzdarta.ie', 'allianz-sebastiankoch.de', 'allianz-genc.de', 'allianz-peev.de', 'allianz-kuhlemann.de', 'allianzdarta.ie', 'allianzgloballife.com', 'allianz-genc.de', 'allianz.sg', 'allianz.is', 'allianz-genc.de', 'allianz.lu', 'allianzim.com', 'allianz-kuhlemann.de', 'allianzpp.com', 'allianz.ma', 'allianz-reiseschutz.de']
unic : ['unicharm.com.br', 'unicharm.co.in']
berl : ['berlitz-augsburg.de', 'berlitz-dublin.ie', 'berlitzph.com', 'berlitz.com.py', 'berlitzmanchester.com', 'berlitzhautsdefrance.fr', 'berlitz-bahrain.com', 'berlitznouvelleaquitaine.fr']
inte : ['intertongn.es', 'intersport-rent.fr', 'intersport-arc1950.com', 'intersport-martinique-guadeloupe.fr', 'intersport.si', 'intersport.com.cy', 'intersport-courchevel1850.com', 'intersport-grandbornand.com', 'intersport.be', 'intersport.fi', 'intersport-arvieux.com', 'intersport-risoul.com', 'intersport.hu', 'intersport.ch', 'intersport-crestvoland.com', 'intersport.ch', 'internationalsos.co.jp', 'intersport.dk', 'intersport.sk', 'intersport.dk', 'intersport-gros.de', 'intersport-courchevel1550.com', 'intersport.it', 'intersport.nl', 'intersport-arc2000.com', 'intersport.cz', 'intersport.hr', 'internationalsos.no', 'intersport-rent.fr', 'intersport.hu', 'intersport.hr', 'intersport.ch', 'intersport-lesrousses.com', 'intersport.it', 'intersport-alpedhuez.com', 'intersport.com.tr', 'intersport.cz', 'intersport.sk', 'intersport.com.cy', 'intersport.com.au']
esse : ['esseskincare.sg', 'esseskincare.no', 'esseskincare.nl', 'esseskincare.se', 'esseskincare.dk', 'esseskincare.fi', 'esseskincare.co.uk', 'esseskincare.hk']
secu : ['secureparkinghi.com', 'secureparking.co.id', 'secureparking.com.kh', 'securitas24.de', 'secureparkingusa.com', 'secureparking.com.lb']
baud : ['bauder.lt', 'bauder.at', 'bauder.nl', 'bauder.ag', 'bauder.be', 'bauder.rs', 'bauder.fr']
save : ['savethechildren.ca', 'savethechildren.mx', 'savethechildren.it', 'savethechildren.it', 'savethechildren.or.id', 'savethechildren.org.za', 'savethechildren.org.au', 'savethechildren.org.ph', 'savethechildren.nl', 'savethechildren.org.au', 'savethechildren.mn', 'savethechildren.nl', 'savethechildren.or.id', 'savethechildren.org.za', 'savethechildren.org.au', 'savethechildren.mx', 'savethechildren.mn', 'savethechildren.mx', 'savethechildren.mx', 'savethechildren.or.id', 'savethechildren.org.za', 'savethechildren.nl', 'savethechildren.or.id', 'savethechildren.org.ph', 'savethechildren.org.ph', 'savethechildren.mn', 'savethechildren.ca', 'savethechildren.org.ph', 'savethechildren.org.uk', 'savethechildren.es', 'savethechildren.org.za', 'savethechildren.nl', 'savethechildren.ca']
avon : ['avoncameroun.com', 'avon.com.sa', 'avonworldwide.com', 'avon.co.mu']
meni : ['menicon.de', 'menicon.com.au', 'menicon.nl', 'menicon.es', 'menicon.fr', 'menicon.sg', 'meniconamerica.com', 'menicon.co.uk']
lind : ['linde-gas.fi', 'linde-gas.at', 'linde-electronics.com', 'linde-finance.com', 'linde.pe', 'linde-gas.nl', 'linde-electronics.com', 'linde-gas.ee', 'linde-gas.at', 'linde.co.th', 'linde-gas.ee', 'linde-gas.ee', 'lindesaude.pt', 'linde-gaz.pl', 'linde-finance.com', 'linde-gas.sk', 'linde-gas.lv', 'linde-gaz.pl', 'lindesaude.pt', 'linde-electronics.com', 'lindeoilandgas.com', 'linde.pe', 'linde-gas.com', 'linde.bo', 'linde-healthcare.nl', 'linde-gas.fi', 'linde-electronics.com', 'linde-gas.nl', 'linde-gas.no', 'linde-gas.es', 'lindt.cz', 'linde-gas.lv', 'linde-medica.es', 'lindegas.hu', 'linde-gas.ee', 'linde-gas.lv', 'lindesaude.pt', 'linde-amt.com', 'linde-gas.com', 'linde-electronics.com', 'linde-finance.com', 'linde-gas.lt', 'linde-gas.lv', 'lindehomecare.fr', 'linde.pe', 'lindeoilandgas.com', 'lindesaude.pt', 'linde-gas.fr', 'linde-gas.lt', 'linde.pe', 'lindesaude.pt', 'lindt.fi', 'linde-gas.fr', 'lindt.de', 'lindt.ch', 'linde-healthcare.nl', 'lindegas.hu', 'linde-finance.com', 'lindt.se', 'lindt.jp', 'lindegas.hu', 'linde-gas.lt', 'linde-gaz.pl', 'linde-electronics.com', 'linde.pe', 'lindeoilandgas.com', 'lindesaude.pt', 'linde-gas.nl', 'lindt.co.za', 'lindt.es', 'linde-gas.sk', 'linde-healthcare.nl', 'linde-gas.nl', 'lindeoilandgas.com', 'lindeoilandgas.com', 'linde-gas.fi', 'linde-gas.no', 'lindt.com.au', 'linde-gas.lt', 'linde-gas.ee', 'lindt.at', 'linde-gas.at', 'lindeoilandgas.com', 'linde-gas.es', 'linde-gas.lv', 'lindt.dk', 'linde.co.th', 'linde-healthcare.nl', 'lindt.com.mx', 'linde-healthcare.nl', 'linde.ch']
mate : ['mateco.nl', 'mateco.mx', 'mateco.ro', 'mateco.bg', 'mateco-hungary.hu']
equa : ['equans.hu', 'equans.cz', 'equans.cl', 'equans.co', 'equansservices.com', 'equans.lu']
ford : ['ford.pl.ua', 'ford.vn.ua', 'ford.if.ua', 'ford.dn.ua', 'fordmediacenter.nl', 'ford.te.ua', 'ford.vn.ua', 'ford.vn.ua', 'ford.lviv.ua', 'ford.if.ua', 'ford.dn.ua', 'ford.te.ua', 'fordmediacenter.nl', 'ford.if.ua', 'ford.lviv.ua', 'ford.pl.ua', 'ford.lviv.ua', 'ford.dn.ua', 'ford.pl.ua', 'ford.te.ua', 'ford.cl']
biod : ['bioderma.co.za', 'bioderma-sk.com', 'bioderma.it', 'bioderma.com.hr', 'bioderma.ec', 'bioderma-india.in', 'bioderma.co.za', 'bioderma.pl', 'bioderma-india.in', 'bioderma.pl', 'bioderma.sg', 'bioderma.ec', 'bioderma-sk.com', 'bioderma.it', 'bioderma.sg', 'bioderma.com', 'bioderma.com']
line : ['linexps.com', 'linexofschererville.com', 'linexaus.com.au', 'linexcoloradosprings.com', 'linexofmacon.com', 'linexofwilliston.com', 'linexaus.com.au', 'linexswfl.com', 'linexswfl.com', 'linexofchickasha.com', 'linexofmacon.com', 'linexps.com', 'linexofstlouismo.com', 'linexofjoliet.com', 'linexranchocordova.com', 'linexranchocordova.com', 'linexcoloradosprings.com']
worl : ['worldvision.ca', 'worldvision.bo', 'worldvision.org.nz', 'worldvision.org.sv', 'worldvision.cl', 'worldvision.org.sv', 'worldvision.al', 'worldoptionsgh.com.au', 'worldvision.org.nz', 'worldvision.org.uk', 'worldvision.cl', 'worldvisionmexico.org.mx', 'worldvision.co', 'worldvisionamericalatina.org', 'worldvision.com.au', 'worldvisionamericalatina.org', 'worldvision.bo', 'worldvision.co']
avia : ['avia.ch', 'aviapolska.pl', 'avia-belgomine.be', 'avia-ramonville.fr', 'avia.hu', 'avia.ch', 'avia-unimot.com.ua', 'aviabienert.de', 'avia-unimot.com.ua', 'avia-ramonville.fr', 'aviabienert.de', 'aviapolska.pl', 'avia.nl', 'avia-belgomine.be', 'avia.nl']
cdvi : ['cdviberica.com', 'cdvi.ch', 'cdvi.de', 'cdvi.se', 'cdvielectronics.com', 'cdvibenelux.com', 'cdviplastics.com', 'cdvi.ca', 'cdvielectronics.com', 'cdviplastics.com', 'cdvi.com', 'cdvi.fr']
adec : ['adecco.cl', 'adecco.cl', 'adecco.com.sg', 'adecco.co.th', 'adecco.rs', 'adeccome.com', 'adecco.com.sg', 'adecco.rs', 'adeccome.com', 'adecco.ie', 'adeccojapanese.asia', 'adecco.ie', 'adeccojapanese.asia', 'adeccogroupfoundationus.org', 'adecco.de', 'adeccojapanese.asia', 'adecco.co.th', 'adecco.com.vn', 'adecco.com.vn']
nest : ['nestle.com.vn', 'nestle.ch', 'nestle.mk', 'nestle.bg', 'nestle.com.tw', 'nestle.pl', 'nestle.at', 'nestle.ro', 'nestle.se', 'nestle-mena.com', 'nestle-caribbean.com', 'nestle.si', 'nestle.com.ve', 'nestle.no', 'nestle.hr', 'nestle.fi', 'nestle.do', 'nestle.ir', 'nestle.co.nz', 'nestle.ba', 'nestle.com.sg', 'nestle.ua', 'nestle.dk', 'nestle.com.pe', 'nestle-esar.com', 'nestle.com.bo', 'nestle.co.kr', 'nestle.com.uy', 'nestle.com.ar', 'nestle.lt', 'nestle.com.bd', 'nestle.com.py']
daik : ['daikin.ge', 'daikinkuwait.com', 'daikin.com.sg', 'daikin-ksa.com', 'daikincareers.com', 'daikintexastechnologypark.com', 'daikin-china.com.cn', 'daikin.com.vn', 'daikin.com.vn', 'daikin.com.mm', 'daikinlebanon.com', 'daikinafrica.com', 'daikinegypt.com', 'daikin.ge', 'daikinitalyshop.it', 'daikineastafrica.com', 'daikin.ch', 'daikin.rs', 'daikinegypt.com', 'daikinmalaysia.com', 'daikinqatar.com', 'daikin.com.mx', 'daikintexastechnologypark.com', 'daikinbahrain.com', 'daikindevice.cz', 'daikinmea.com', 'daikinchemicals.com', 'daikin.com.mm', 'daikin.fi', 'daikin-manufacturing.de', 'daikin.ch', 'daikin.com.mx', 'daikin-korea.co.kr', 'daikin-ce.com', 'daikin.si', 'daikin.com.sg', 'daikincareers.com', 'daikinitalyshop.it', 'daikin.fi', 'daikin.ru', 'daikintexastechnologypark.com', 'daikin.az', 'daikin-manufacturing.de', 'daikinqatar.com', 'daikin.rs', 'daikin-ce.com', 'daikin-korea.co.kr', 'daikinczech.cz', 'daikinchemicals.com', 'daikineastafrica.com', 'daikin.com.vn', 'daikin.az', 'daikin.mk', 'daikin.mk', 'daikinchemicals.co.th', 'daikinuae.com', 'daikinkuwait.com', 'daikin.ru', 'daikin.al', 'daikin.al', 'daikinuae.com', 'daikin.si', 'daikinbahrain.com', 'daikin-iraq.com', 'daikineastafrica.com', 'daikinczech.cz', 'daikindevice.cz', 'daikin-china.com.cn', 'daikinafrica.com', 'daikinlebanon.com', 'daikin-ksa.com', 'daikin-iraq.com', 'daikin.eu', 'daikinchemicals.co.th']
bbra : ['bbraun.rs', 'bbraun.ae', 'bbraun.ca', 'bbraun.ph', 'bbraun.lt', 'bbraun.co.uk', 'bbraun.com.vn', 'bbraun.se', 'bbraun.co', 'bbraun.pt', 'bbraun.ru', 'bbraun.lv', 'bbraun.hr', 'bbraun.co.kr', 'bbraun.dk', 'bbraun.co.in', 'bbraun-vetcare.nl', 'bbraun.com.tr', 'bbraun.hu', 'bbraun.com.br', 'bbraun.ec', 'bbraun.cl', 'bbraun.com.ar', 'bbraun.bg', 'bbraun.pk', 'bbraun.com.tw', 'bbraun.com.py', 'bbraun.be', 'bbraun.mx', 'bbraun.nl', 'bbraun.pe', 'bbraun.com.my', 'bbraun.ro', 'bbraun.no', 'bbraun.fi', 'bbraun.cz', 'bbraun-vetcare.pt', 'bbraun.co.th', 'bbraun.co.za', 'bbraun.cn']
einh : ['einhell.ba', 'einhell.hr', 'einhell.com.ar', 'einhell.ch', 'einhell.com.gr', 'einhell.de', 'einhell.com.tr', 'einhell.co.uk', 'einhell.pl', 'einhell.cz', 'einhell.bg', 'einhell.dk', 'einhell.nl', 'einhell.rs', 'einhell.fi']
flas : ['flashbay.ca', 'flashbay.com.my', 'flashbay.co.nz', 'flashbay.co.nz', 'flashbay.fr', 'flashbay.no', 'flashbay.hu', 'flashbay.pt', 'flashbay.fi', 'flashbay.pt', 'flashbay.com.my', 'flashbay.no', 'flashbay.es', 'flashbay.fr', 'flashmed-lb.com', 'flashbay.ca', 'flashbay.es', 'flashbay.fi']
ping : ['pingusenglish.com.tr', 'pingusenglish.com.tr', 'pingusenglish.co.id', 'pingusenglishbd.com', 'pingusenglish.com.cy', 'pingusenglish.my', 'pingusenglish.ac.th', 'pingusenglish.ps', 'pingusenglish.co.id', 'pingusenglish.ac.th', 'pingusenglish.ps', 'pingusenglish.com', 'pingusenglish.ac.th', 'pingusenglish.ee', 'pingusenglish.com.cy', 'pingusenglish.vn', 'pingusenglish.vn', 'pingusenglish.ee', 'pingusenglish.my', 'pingusenglishbd.com']
comp : ['compo.de', 'compassion.es', 'compo.pl', 'compo-hobby.it', 'compo-group.com', 'compo.es']
pkf : ['pkf-hk.com', 'pkf.co.in', 'pkf.sk', 'pkf.com.tr', 'pkf.jo', 'pkf.dk', 'pkf.ch', 'pkf.swiss', 'pkf-dominicana.com', 'pkf-fwa.com', 'pkf.pt', 'pkf-l.com', 'pkf.co.uk', 'pkf.com.cy', 'pkf-central-america.com']
besi : ['besins-healthcare.se', 'besins-healthcare.nl', 'besins-healthcare.com.mx']
suba : ['subaru.jp', 'subaru.nc', 'subaru-bd.com', 'subaru.com.np', 'subaru.com.pa', 'subaru.com.tr', 'subaru.lu', 'subarusouthblvd.com', 'subaru.mt', 'subarumidlandodessa.com', 'subaru.eu', 'subaruqatar.com', 'subarutijuana.mx', 'subarusouthpoint.com', 'subaru.es', 'subarutijuana.mx', 'subaru.lu', 'subaru.nc', 'subaruvilnius.lt', 'subaru.es', 'subaru.eu', 'subaru.com.gt', 'subaruvilnius.lt', 'subaru.com.tr']
cvjm : ['cvjm-pfalz.de', 'cvjm-hemer.de', 'cvjm-muensingen.de', 'cvjm-nuembrecht.de', 'cvjm-augsburg.de', 'cvjm-dettingen.de', 'cvjm-gomaringen.de', 'cvjm-muenchberg.de']
mede : ['medef-alsace.com', 'medef-artois.fr', 'medef-bearnetsoule.com', 'medef-corse.com', 'medef-sarthe.fr', 'medef-ain.fr', 'medef-somme.fr', 'medef-essonne.org', 'medef-beziers.fr', 'medef-aude.com', 'medef-vendee.fr', 'medef79.fr', 'medef-paysdelaloire.fr', 'medef-nouvelle-aquitaine.fr', 'medef-anjou.fr', 'medefloire.fr', 'medef41.fr', 'medef71.com', 'medef-mayenne.com', 'medef-ardennes.com', 'medef-44.fr', 'medef-franche-comte.com', 'medef-cher.fr', 'medef-pays-basque.fr', 'medef-cote-opale.com', 'medef31.fr', 'medef-dromeardeche.fr', 'medef-seine-estuaire.fr', 'medef-htcis.com', 'medeforne.fr', 'medef-seineetmarne.fr', 'medef-aura.fr']
tbwa : ['tbwa.co.za', 'tbwa.co.nz', 'tbwaalif.com', 'tbwazim.co.zw', 'tbwa.com.hk', 'tbwa-entelia.com', 'tbwa.it']
sieb : ['siebtechnik-tema.cn', 'siebtechnik-tema.co.uk', 'siebtechnik-tema.nl', 'siebtechnik-tema.com.au']
sant : ['santillana.com.hn', 'santillana.com.uy', 'santander.pt', 'santander.de', 'santillana.com.sv', 'santander.com.uy', 'santillana.com.bo', 'santillana.com.co', 'santillana.com.ar', 'santillana.com.pr', 'santanderconsumer.no', 'santillana.com.ec', 'santillana.com.pa', 'santanderuniversidades.com.mx', 'santanderconsumer.se', 'santander.com.mx', 'santanderconsumer.fi']
megg : ['meggle-bakery.com', 'meggle.co.jp', 'meggle-cheese.com', 'meggle.de', 'meggle-group.com', 'meggle-foodingredients.de', 'meggle.it']
nutr : ['nutriciababy.be', 'nutricia.nl', 'nutricia.ie', 'nutricia.de', 'nutricia.pt', 'nutricia.be', 'nutriciavoorjou.nl', 'nutriciababy.be', 'nutricia.nl', 'nutricia.co.uk', 'nutrienagsolutions.ca', 'nutriciavoorjou.nl', 'nutricia.de']
adra : ['adra.org.pe', 'adra.pl', 'adra.fr', 'adra.org.pt', 'adra.org.au', 'adra.org.rs', 'adra.org.au', 'adra.fr', 'adra.org.pe', 'adra.pl', 'adra.ca', 'adra.nl', 'adra.org.pt', 'adra.se', 'adra.ca', 'adra.org.rs', 'adra.nl', 'adra.sk']
indu : ['inductotherm.co.kr', 'inductothermgroup.com.br', 'inductotherm.ca', 'inductothermhw.com', 'inductothermgroup.jp', 'inductotherm.com.tr', 'inductotherm.com.cn', 'inductotherm.com.au', 'inductotherm-group-france.fr']
cull : ['culliganwi.com', 'culliganheartland.com', 'culligantotalwater.com', 'culliganquadcities.com', 'culliganwatertreatment.com', 'culligantulsa.com', 'culligansiouxcity.com', 'culligandelavan.com', 'culliganmichigan.com', 'culliganwatercorrections.com', 'culliganchampaign.com', 'culliganregina.com', 'culliganwt.com', 'culliganmidmichigan.com', 'culligansouthwest.com', 'culliganromeo.com', 'culliganlacrosse.com', 'culliganmarlette.com', 'culliganwaterbillings.com', 'culliganbrighton.com', 'culliganricelake.com', 'culliganmarion.com', 'culligancountry.com', 'culliganiowa.com', 'culliganofnashville.com', 'culliganporthuron.com', 'culligantucson.com', 'culligangeneva.com', 'culliganphoenix.com', 'culliganillinoisvalley.com', 'culliganalbionhillsdale.com', 'culliganofidaho.com', 'culligannc.com', 'culliganfresnolindsay.com', 'culligantotalwateriowa.com', 'culliganwaterwyoming.com', 'culliganillinois.com', 'culligandesmoines.com', 'culligankennewick.com', 'culliganmoseslake.com', 'culliganbetterwater.com', 'culliganofpeoria.com', 'culligantotalwaterbaraboo.com', 'culligangrandisland.com', 'culliganuppercumberland.com', 'culliganwheaton.com', 'culliganwaterstillwater.com', 'culliganreno.com', 'culliganofmerrillville.com', 'culliganindiana.com', 'culliganminneapolis.com', 'culliganchicago.com', 'culliganwaterburlington.com', 'culliganatlanta.com', 'culliganflint.com', 'culliganofofallon.com', 'culliganlasvegas.com', 'culligancentralindiana.com', 'culliganhoriconwatertown.com', 'culliganwaterwestbend.com', 'culligantoledo.com', 'culliganwaternebraska.com', 'culliganwatercolorado.com', 'culligannation.com', 'culligandenkerwaterconditioning.com', 'culliganh2o.com', 'culliganjanesville.com', 'culliganwooster.com', 'culliganadvantage.com', 'culliganofwestbranch.com', 'culliganredwing.com', 'culliganstlouis.com', 'culliganslc.com', 'culliganofsouthwestwisconsin.com', 'culliganwisconsin.com', 'culliganlemars.com', 'culligansanantonio.com', 'culliganmonroe.com', 'culligangrandrapids.com', 'culliganlansing.com', 'culliganallegan.com']
vita : ['vitalimages.com', 'vitalsauna.eu']
amne : ['amnesty.is', 'amnesty.id', 'amnesty.id', 'amnesty.hu', 'amnesty.lu', 'amnesty.ie', 'amnesty.lu', 'amnesty.eu', 'amnesty.is', 'amnesty.org.ng', 'amnesty.org.ph', 'amnesty.eu', 'amnestyghana.org', 'amnestyghana.org', 'amnesty.se', 'amnesty.org.ph', 'amnesty.org.ng', 'amnesty.hu']
nars : ['narscosmetics.es', 'narscosmetics.co.uk', 'narscosmetics.fr', 'narscosmetics.de']
brot : ['brother.com.pe', 'brother-slovakia.sk', 'brother-industrial.md', 'brother.com.br', 'brother-industrial.com', 'brother.co.il', 'brother.com.ar', 'brother.cn', 'brother.com.mx']
ikea : ['ikea.com.hk', 'ikea.es', 'ikea.com.tr', 'ikea.ee', 'ikea.pr', 'ikea.co.id', 'ikea.pr', 'ikea.is', 'ikea.com.do', 'ikea.com.tw', 'ikea.com.do', 'ikea.com.tw', 'ikea.es', 'ikea.co.id', 'ikea.com.hk', 'ikea.is', 'ikea.ee']
seph : ['sephora.pl', 'sephora.dk', 'sephora.gr', 'sephora.pt', 'sephora.ro', 'sephora.it', 'sephora.es', 'sephora.fr']
sher : ['sherwin-williams.com.ec', 'shercomotorcycles.it']
ecsl : ['ecslupsk.pl', 'ecslupsk.pl']
lina : ['linak.nl', 'linak.com.br', 'linak-latinamerica.com', 'linak.kr', 'linak.de', 'linak.cz', 'linak.es', 'linak.pl']
acte : ['actemium.ch', 'actemium.pt', 'actemium.com', 'actemium.at', 'actemium.ch', 'actemium.us', 'actemium.sk', 'actemium.id', 'actemium.pt', 'actemium.de', 'actemium.it', 'actemium.id', 'actemium.es', 'actemium.us', 'actemium.co.uk', 'actemium.it', 'actemium.co.uk', 'actemium.com.br', 'actemium.ca', 'actemium.id', 'actemium.sk', 'actemium.com.br', 'actemium.sk', 'actemium.com.br', 'actemium.nl', 'actemium.at', 'actemium.at', 'actemium.se', 'actemium.it', 'actemium.us']
gran : ['grantthornton.com.sv', 'grantthornton.com.ve', 'grantthornton.sk', 'grantthornton.com.pa', 'grantthornton.az', 'grantthornton.tn', 'grantthornton.bg', 'grantthornton.do', 'grantthornton.ci', 'grantthornton.co.im']
vkf : ['vkf-renzel.com.tr', 'vkf-renzel.ro', 'vkf-renzel.cz', 'vkf-renzel.fr', 'vkf-renzel.bg', 'vkf-renzel.nl', 'vkf-renzel.nl', 'vkf-renzel.co.uk', 'vkf-renzel.cz', 'vkf-renzel.fr', 'vkf-renzel.ro', 'vkf-renzel.co.uk', 'vkf-renzel.com.tr', 'vkf-renzel.dk', 'vkf-renzel.bg', 'vkf-renzel.dk', 'vkf-renzel.hu']
flei : ['fleishmanhillard.cn', 'fleishmanhillard.ph', 'fleishmanhillard.co.th', 'fleishmanhillard.com.br', 'fleishmanhillard.mx', 'fleishmanhillard.ie', 'fleishmanhillard.co.id', 'fleishmanhillard.cz']
isov : ['isover.hu', 'isover.se', 'isover.ua', 'isover.com.br', 'isover.sk', 'isover.bg', 'isover.cz', 'isover.it', 'isover.de', 'isover.it', 'isover.lv', 'isover.com.ar', 'isover.cz', 'isover.fi', 'isover.co.kr', 'isover.ie', 'isover.at', 'isover.be', 'isover.sk', 'isover.ua']
azet : ['azets.ie', 'azetsconsulting.no']
moor : ['mooresingapore.com', 'moore.swiss', 'moore.es', 'moore-czech.cz', 'moorestoke.co.uk']
toys : ['toysrus.com.sg', 'toysrus.com.my', 'toysrus.com.ph', 'toysrus.fr', 'toysrus.com.my', 'toysrus.com.ph', 'toysrus.com.sa', 'toysrus.de', 'toysrus.com.bn', 'toysrus.pt', 'toysrus.com.bn', 'toysrus.pt', 'toysrus.com.sg']
manp : ['manpowergroup.no', 'manpowergroup.no', 'manpowergroup.dk', 'manpowergroup.com.sg', 'manpowergroup.com.sg', 'manpowergroup.ca', 'manpowergroup.com.sg', 'manpowergroup.no', 'manpowergroup.pt', 'manpowergroup.pt', 'manpowergroup.ca', 'manpower.co.za', 'manpowergroup.dk', 'manpowergroup.se', 'manpowergroup.cz', 'manpowergroup.se', 'manpowergroup.dk', 'manpowergroup.cz', 'manpowergroup.se', 'manpowergroup.gr', 'manpowergroup.gr', 'manpowergroup.gr', 'manpowergroup.ch', 'manpowergroup.pt']
mapf : ['mapfre.pr', 'mapfre.com.ni', 'mapfre.com.sv', 'mapfre.com.py', 'mapfre.com.uy', 'mapfre.com.ve', 'mapfre.com.gt']
mods : ['modshair-nuernberg.de', 'modshair-bielefeld.de', 'modshair.co.nz', 'modshair-mannheim.de', 'modshair-braunschweig.de', 'modshair-hannover.de', 'modshair-koeln-lindenthal.de', 'modshair-stuttgart.de', 'modshair-koeln-city.de']
axab : ['axabreakdown.co.uk', 'axabreakdown.co.uk', 'axabreakdown.co.uk']
crif : ['crif.pl', 'crif.cz', 'crif.hk', 'crif.ch', 'crif.sk', 'crif.com.tr']
desp : ['despec.eu', 'despat.com']
chic : ['chicco.pl', 'chicco.ru', 'chicco.co.nz', 'chicco.ru', 'chicco.com.ua', 'chicco.com.tw', 'chicco.fr', 'chicco.com.ph', 'chicco.ch', 'chicco.pl', 'chicco.com.tw', 'chicco.fr', 'chicco.com.tw', 'chicco.com.mx', 'chicco.com.ph', 'chicco.co.nz', 'chicco.com.tr', 'chicco.ch', 'chicco.ch', 'chicco.ru', 'chicco.pl', 'chicco.com.tr', 'chicco.com.mx', 'chicco.com.mx', 'chicco.co.nz', 'chicco.pl']
hond : ['honda-pirola.com', 'hondasemarangcenter.com', 'honda-rouen.com', 'honda.cl', 'honda-rennes.com', 'honda.com.ng', 'honda-villebon.com', 'hondaheritagecenter.com', 'honda-melun.com', 'honda-angouleme.com', 'hondasevilla.net', 'honda.com.hk', 'honda-autoland.com', 'honda-larochelle.com', 'honda-strasbourg.com', 'honda-nig.com', 'honda-metz.com', 'hondatygerberg.co.za', 'honda-bordeaux.com', 'honda-limoges.com', 'honda-marseille.com', 'honda-reims.com', 'honda-grenoble.com', 'hondamurcia.com', 'honda-lille.com', 'honda-toulouse.com', 'honda-meaux.com', 'honda-cannes.com', 'honda.com.bd', 'honda-lemans.com', 'honda-saint-maur.com', 'hondabintang.com', 'honda-caen.com', 'honda-lorient.com', 'honda-montpellier.com', 'honda-dijon.com', 'honda-mulhouse.com', 'honda-chateauroux.com']
rota : ['rotaryclubofessex.com', 'rotary-bulgaria.org', 'rotary.hr', 'rotary-club-paris-se.org', 'rotaryclubmedellin.org', 'rotary6450.org', 'rotarygranada.es', 'rotary-club-strasbourg.org', 'rotarypublicschool.org', 'rotaryclubdelima.org', 'rotary.no', 'rotarycoimbatoredowntown.org', 'rotary7610.org', 'rotary5960.org', 'rotary7620.org']
carg : ['carglass.rs', 'carglass.gr', 'carglass.cz', 'carglass.gr', 'carglass.hu', 'carglass.si', 'carglass.hr', 'carglass.hu', 'carglass.lt', 'carglass.dk', 'carglass.dk', 'carglass.lt', 'carglass.cz', 'carglass.ee', 'carglass.hu', 'carglass.rs', 'carglass.hr', 'carglass.ee', 'carglass.re', 'carglass.gr', 'carglass.rs', 'cargoriga.ee', 'carglass.hr', 'carglass.ma', 'carglass.ee']
rubi : ['rubiomonocoat.com.au', 'rubiomonocoatusa.com', 'rubiomonocoat.com.pl']
mits : ['mitsubishi-motors.com.om', 'mitsubishielectric.cz', 'mitsubishi-motors.it', 'mitsubishielectric.com.sg', 'mitsubishi-motors.qa', 'mitsubishielectric-printing.com', 'mitsubishielectric.cz', 'mitsubishi-motors.at', 'mitsubishi-motors.pt', 'mitsubishielectricmalaysia.com', 'mitsubishi-motors.fi', 'mitsubishi-motors.com.kw', 'mitsubishielectric.se', 'mitsubishielectric.se', 'mitsubishielectric.in', 'mitsubishielevator.co.kr', 'mitsubishielectric.com.cn', 'mitsubishi-motors.com.ar', 'mitsubishielectric-printing.com']
kumo : ['kumonla.com', 'kumonshuppan.com', 'kumon.com.hk', 'kumon.cl', 'kumon.com.co', 'kumon.com.ar', 'kumon.com.uy', 'kumon.com.pe', 'kumon.com.bo']
infi : ['infiniti-bahrain.com', 'infiniti-abudhabi.com', 'infiniti-dubai.com', 'infiniti-jordan.com', 'infiniti.com.tw', 'infiniti-azerbaijan.com', 'infiniti.com.pa', 'infiniti.mx', 'infiniti.com.do']
spie : ['spie.lu', 'spie.be', 'spie-wirliebenkabel.de', 'spie-ics.com', 'spie-osmo.de', 'spiegse.com', 'spie-energotest.pl']
mist : ['misterwhat.nl', 'misterwhat.pt', 'misterwhat.pl', 'misterwhat.de', 'misterwhat-au.com', 'misterwhat.com.br']
sain : ['saint-gobain.ru', 'saint-gobain-glass.es', 'saint-gobain-solutions.nl', 'saint-gobain.bg', 'saint-gobain-glass.co.uk', 'saint-gobain.com.co', 'saint-gobain.ar', 'saint-gobain.al', 'saint-gobain.mk']
metl : ['metlife.co.kr', 'metlife.cl', 'metlife.com.au', 'metlife.com.cy', 'metlife.com.uy', 'metlife.com.ar', 'metlifetakealongdental.com', 'metlife.com.tr', 'metlife.com.bd']
best : ['bestrucksofmn.net', 'bestdrive.pl', 'bestdrive.fi', 'bestdrive.se', 'bestdrive.ie', 'bestwesternbraddock.com']
fmc : ['fmc-mexico.com', 'fmc-symposium.cz']
eden : ['edenred.es', 'edenred.com.ar', 'edenred.hu', 'edenred.fi', 'edenred.pl', 'edenredrewards.co.in', 'edenred.com.uy', 'edenred.cl']
airb : ['airbnb.rs', 'airbnb.cz', 'airbnb.com.pe', 'airbnb.com.ar', 'airbnb.com.hk', 'airbnb.com.tw', 'airbnb.co.in', 'airbnb.com.ro', 'airbnb.no', 'airbnb.nl', 'airbnb.com.bo', 'airbnb.ba', 'airbnb.dk', 'airbnb.ie', 'airbnb.jp', 'airbnb.com.au', 'airbnb.be', 'airbnb.com.br', 'airbnb.com.co', 'airbnb.co.kr', 'airbnb.fr', 'airbnb.cl', 'airbnb.ru', 'airbnb.hu', 'airbnb.com.vn', 'airbnb.si', 'airbnb.ca', 'airbnb.co.id', 'airbnb.am']
dulu : ['dulux.pl', 'dulux.co.zw', 'dulux.ie', 'dulux.pl', 'dulux.com.sg', 'dulux.com.my', 'dulux.in', 'dulux.com.sg', 'duluxarabia.com', 'dulux.co.zw', 'dulux.co.za']
theb : ['thebodyshop.si', 'thebodyshop.com.tr', 'thebodyshop.com.br', 'thebodyshop.lv', 'thebodyshop.bg', 'thebodyshop.fi', 'thebodyshop.lt', 'thebodyshop.com.tr', 'thebodyshop.bg', 'thebodyshop.ee']
oran : ['orange.sn', 'orange.sn', 'orange-bissau.com', 'orange.cm', 'orange.co.bw', 'orange.co.bw', 'orange.cd', 'orange.ci', 'orange.com.lr', 'orange.sk', 'orange-bissau.com', 'orange.ci', 'orange.com.lr', 'orange.md', 'orange.cd']
glob : ['globalconnectgroup.com', 'globalconnectcarrier.com', 'globalconnect.dk', 'globalconnect.de']
papa : ['papasaveriospizzeria.com', 'papajohns.co.nl', 'papajohnsquebec.ca', 'papajohns.ma', 'papajohns.com.tr', 'papajohns.com.pk']
serv : ['servier.com.ar', 'servier.co.uk', 'servier.pt', 'servier.hu', 'servier.cz', 'servier.com.br', 'servier.co.za', 'servier.si', 'servier.es', 'servier.vn', 'servier.co.za', 'servier.co.th', 'servier.co.th', 'servier.nl', 'servier.ru', 'servier.ge', 'servier.pl', 'servier.bg', 'servier.vn', 'servier.it', 'servier.co.id', 'servier.ua', 'servier.gr', 'servier.ua', 'servier.lv', 'servier.com.ph', 'servier.ge', 'servier.at', 'servier.com.ar', 'servier.sk', 'servier.gr', 'servier.com.pa', 'servier.bg']
site : ['sitechnorthwest.com', 'sitechsolutions.com', 'sitech-ohio.com', 'sitechdo.com.mx', 'sitech-ws.com', 'sitech.ch', 'sitechnw.com', 'sitech.fi']
moog : ['moog.co.uk', 'moog.es', 'moog.fr']
murr : ['murrelektronik.sk', 'murrelektronik.be', 'murrelektronik.hu', 'murrelektronik.kr', 'murrelektronik.no', 'murrelektronik.fi', 'murrelektronik.se', 'murrelektronik.uk', 'murrelektronik.es', 'murrelektronik.be', 'murrelektronik.in', 'murrelektronik.it', 'murrelektronik.fi', 'murrelektronik.com.cn', 'murrelektronik.com.tr', 'murrelektronik.at', 'murrelektronik.pl', 'murrelektronik.fr', 'murrelektronik.ro', 'murrelektronik.ch', 'murrelektronik.cz', 'murrelektronik.sg']
cfmo : ['cfmotoperu.com', 'cfmotoqueretaro.com', 'cfmoto.com.br', 'cfmotobenelux.eu', 'cfmoto-larissa.gr', 'cfmotoindia.com', 'cfmoto.com.tr', 'cfmotoitaly.it']
merc : ['mercyships.se', 'mercyships.dk', 'mercyships.dk', 'mercyships.de', 'mercyships.fr', 'mercyships.de', 'mercyships.ch', 'mercyships.org.au', 'mercanta.de', 'mercyships.nl', 'mercyships.se', 'mercyships.be', 'mercyships.org.au', 'mercyships.ch', 'mercyships.be', 'mercyships.fr']
lamb : ['lamborghini-zh.ch', 'lamborghini-berlin.com', 'lamborghini-paris.com', 'lamborghinisarasota.com', 'lamborghini-cannes.com', 'lamborghinimontreal.com', 'lamborghini-stuttgart.com', 'lamborghini-frankfurt.com', 'lamborghini-rotterdam.nl']
sola : ['solatube.se', 'solatube.co.uk', 'solatubescotland.co.uk', 'solatubegalicia.com', 'solatube.si', 'solatube.com.cn', 'solatube.no', 'solatube.pt']
stat : ['statkraft.ie', 'statkraft.com.br', 'statkraft.nl', 'statkraft.co.uk', 'statkraftvarme.no', 'statkraft.fr', 'statkraft.com.pe', 'statkraft.com.tr']
isic : ['isic.de', 'isic.fr', 'isic.it', 'isic.bg']
star : ['starbucks.co.nz', 'starbucks.com.sg', 'starkey.co.uk', 'starkeypro.com', 'starkey.co.kr', 'starbucks.com.gr', 'starkey.com.br', 'starkeypro.de', 'starkeypro.com.au', 'starkey.com.co', 'starkeyjp.com', 'starbucks.com.gr', 'starbucks.in']
benu : ['benu.ee', 'benu.nl', 'benu.lv', 'benu.lt', 'benu.ch']
sto : ['sto.hr', 'sto-ukraine.com', 'sto-sea.com', 'sto.fi', 'sto-ukraine.com', 'sto-sea.com', 'sto.hu', 'sto.es', 'sto.com.tr', 'sto.com.tr', 'sto.hr']
deca : ['decathlon.ch', 'decathlon.hu', 'decathlon.com.tr', 'decathlon-karriere.de', 'decathlon.hu', 'decathlon.ro', 'decathlon.pl', 'decathlon.cz', 'decathlon.com.br', 'decathlon.ch', 'decathlon.com.kh', 'decathlon.ro', 'decathlonkz.com', 'decathlonkz.com', 'decathlon.com.br', 'decathlon.com.tr', 'decathlon.cz']
ente : ['enterprise.dk', 'entergy-neworleans.com', 'enterpriserentacar.pl', 'enterprise.si', 'enterprise.com.ar', 'entergy-texas.com', 'enterpriserentacar.bg', 'entergy-louisiana.com', 'entergy-arkansas.com', 'entergynewsroom.com', 'entergy-nuclear.com', 'entergy-mississippi.com', 'enterprise.se', 'enterprise.ae']
deme : ['demeter-bw.de', 'demetercs.eu', 'demeter.at', 'demeter-im-westen.de', 'demeter.ch', 'demeter-im-norden.de', 'demeterschmid.de', 'demeter.it']
carl : ['carlsjr.com.sg', 'carlsjr.fr', 'carlsjr.fr', 'carlsjr.com.my', 'carlsjr.co.nz', 'carlsjr-russia.ru', 'carlsjr.es', 'carlsjr.com.sg', 'carlsjr.com.tr', 'carlsjr-russia.ru', 'carlsjr.com.mx', 'carlsjr.com.tr', 'carlsjrmerida.com', 'carlsjr.com.my', 'carlsjr.es', 'carlsjr.co.nz']
bonp : ['bonprix.nl', 'bonprix.fi', 'bonprix.se', 'bonprix-fl.be', 'bonprix.jobs', 'bonprix.ch', 'bonprix.co.uk']
mcdo : ['mcdonalds.co.za', 'mcdonalds.md', 'mcdonalds.ma', 'mcdonalds.com.jo', 'mcdonalds-mcdelivery.es', 'mcdonalds.com.sg', 'mcdonalds-hh.de']
pear : ['pearsonclinical.co.uk', 'pearsonclinical.ca', 'pearsonclinical.com.au', 'pearsonclinical.es', 'pearsonclinical.co.uk', 'pearsonschoolsandfecolleges.co.uk', 'pearsonclinical.fr', 'pearsonactivelearn.com', 'pearson.com.hk', 'pearsonclinical.ca', 'pearsonclinical.com.au', 'pearson.com.cn']
niko : ['nikonschool.de', 'nikonclub.fr', 'nikon.com.sg', 'nikonlenswear.cn', 'nikon-mea.com', 'nikon.co.th', 'nikon.com.hk', 'nikonmetro1stg.wpengine.com', 'nikonimgsupport.com']
jung : ['jungheinrich.com.sg', 'jungheinrich.co.za', 'jungheinrich.cn', 'jungheinrich.co.nz', 'jungheinrich.com.au', 'jungheinrich.in', 'jungheinrich.com.br', 'jungheinrich.co', 'jungheinrich.co.th', 'jungheinrich.com.my']
reed : ['reedglobal.hu', 'reedglobal.pl', 'reedglobal.bg', 'reedglobal.pl', 'reedglobal.sg', 'reedglobal.bg', 'reedglobal.hu', 'reedglobal.ae', 'reedglobal.pl', 'reedglobal.com.mt', 'reedglobal.ch', 'reedglobal.ch', 'reedglobal.com.mt', 'reedglobal.ch', 'reedglobal.cz', 'reedglobal.com.tr', 'reedglobal.com.mt', 'reedglobal.cz', 'reedglobal.bg', 'reedglobal.sg', 'reedglobal.com.tr', 'reedglobal.hu', 'reedglobal.com.tr']
kiam : ['kiamarin.com', 'kiamotors.com.kh', 'kiamotors.com.co', 'kiamarin.com']
bosc : ['bosch-industry-consulting.com', 'bosch-industrial.com', 'bosch-pt.com.au', 'bosch-homecomfort.com', 'boschtools.com', 'bosch-homecomfortgroup.com', 'boschautopartes.mx', 'bosch-pt.co.in', 'boschautoparts.com', 'bosch-pt.com.my', 'bosch-wohnungsgesellschaft.de', 'bosch-climate.com.tr', 'bosch-pt.com.cn']
atal : ['atalian.pl', 'atalian.hu', 'atalian.com.tr', 'atalian.sk', 'atalian.be', 'atalian.rs', 'atalian.sg', 'atalian.cz', 'atalian.nl', 'atalian.lu']
reps : ['repsol.in.ua', 'repsol.com.mx', 'repsol.no', 'repsolresourcesuk.com', 'repsol.pe', 'repsol.fr', 'repsol.us', 'repsolsolgas.com']
veka : ['veka.pt', 'veka.com.sg', 'veka.bg', 'veka.hu', 'veka.fr']
alge : ['algeco.sk', 'algeco.com', 'algeco.at', 'algeco.be', 'algeco.si', 'algeco.pt', 'algeco.ro', 'algeco.cz']
wuer : ['wuerth.com.hr', 'wuerthmarket.ru', 'wuerth.co.jp', 'wuerth.co.th', 'wuerthmarket.ru', 'wuerth.com.ph', 'wuerth-ag.ch', 'wuerth.co.jp', 'wuerth-gruppe.ch', 'wuerth.com.kh', 'wuerth.bg', 'wuerth.dk', 'wuerth.my']
viac : ['viacon.no', 'viacon.fi']
nord : ['nordicpharma.pt', 'nordicpharma.nl', 'nordicpharma.co.uk', 'nordicpharma.it', 'nordicpharma.de', 'nordicpharma.fr', 'nordicpharma.ch', 'nordicpharma.es', 'nordicpharma.be']
kiao : ['kiaofdaphne.com', 'kiaonline.dk', 'kiaofabilene.com', 'kiaofduluth.com', 'kiaofpa.com', 'kiaofverobeach.com', 'kiaofstcatharines.com', 'kiaofoldsaybrook.com', 'kiaofwestchester.com', 'kiaofmurfreesboro.com', 'kiaofgrandblanc.com', 'kiaofgrandblanc.com', 'kiaofwestburlington.com', 'kiaoflumberton.com', 'kiaofbillings.com', 'kiaofcoatesville.com', 'kiaofmuncie.com', 'kiaofduluth.com']
vans : ['vans.at', 'vans.com.ar', 'vans.es', 'vans.com.au', 'vans.nl', 'vans.fr', 'vans.it', 'vans.co.nz']
vbh : ['vbh.be', 'vbh.hr', 'vbh.hu', 'vbh.lv', 'vbh.cz', 'vbh.de', 'vbh.ro', 'vbh.com.es']
tech : ['techtel.com.sg', 'techmatrix-asia.com']
prag : ['pragroup.pl', 'pragroup.com.au', 'pragroup.at', 'pragroup.de', 'pragroup.fi', 'pragroup.no', 'pragroup.se']
yves : ['yves-rocher.pt', 'yves-rocher.it', 'yves-rocher.at', 'yves-rocher.se', 'yvesrocher.com.tr', 'yves-rocher.ch', 'yves-rocher.nl', 'yves-rocher.de']
wwf : ['wwf.no', 'wwf.org', 'wwf.org', 'wwf.or.th', 'wwf.or.th', 'wwf.es', 'wwf.org.nz', 'wwf.ro', 'wwf.at', 'wwf.ro', 'wwf.org.nz', 'wwf.es', 'wwf.ro', 'wwf.org', 'wwf.org.nz', 'wwf.no', 'wwf.ro', 'wwf.es', 'wwf.or.th', 'wwf.or.th']
roca : ['roca.co.th', 'roca.it', 'roca.com.ar', 'roca.com.tr', 'rocatiles.com', 'roca.ro', 'roca.fr', 'roca.co.id']
pefc : ['pefc.fi', 'pefc.be', 'pefc.es', 'pefc.dk', 'pefc.cl', 'pefc.se', 'pefc.org']
casp : ['caspak.co.nz', 'casperscreensnorcal.com']
shim : ['shimadzu-la.com', 'shimadzu.in', 'shimadzu.com.ph', 'shimadzu-rika.co.jp', 'shimadzu-rika.co.jp', 'shimadzu.com.br', 'shimadzu-techno.co.jp', 'shimadzu-la.com', 'shimadzu.com.br', 'shimadzu-techno.co.jp', 'shimadzu.com.cn', 'shimadzu.co.kr', 'shimadzu.co.kr', 'shimadzumea.com']
aons : ['aonsolutions.com.cy', 'aonsolutions.com.tr', 'aonsolutions.gr']
acur : ['acuraofwestchester.com', 'acurasouthpoint.com', 'acuraofwappingersfalls.com', 'acuraofpeabody.com', 'acuraofgainesville.com', 'acuraoframsey.com', 'acurahonolulu.com']
salv : ['salvationarmy.org.sg', 'salvationarmyeet.org', 'salvationarmy.org.uk', 'salvationarmyconcordca.org', 'salvationarmy.org.my', 'salvationarmyflorida.org']
hyun : ['hyundaiblacktown.com.au', 'hyundaichullora.com.au', 'hyundai.ge', 'hyundai.sn', 'hyundaitgv.ro', 'hyundaiofchatham.ca', 'hyundaigatineau.ca', 'hyundaicentralsales.com']
howd : ['howden.co.il', 'howdensafetysolutions.com', 'howdengroupholdings.com', 'howdenagents.gr', 'howdenoze.pl', 'howden.co.il', 'howdenoze.pl', 'howdensafetysolutions.com', 'howdentiger.com']
ligh : ['lightspeedhq.fr', 'lightspeedhq.mx']
fmlo : ['fmlogistic.cz', 'fmlogistic.ro', 'fmlogistic.com.ua', 'fmlogistic.es', 'fmlogistic.sk', 'fmlogistic.sk', 'fmlogistic.pl', 'fmlogistic.com.br', 'fmlogistic.cz', 'fmlogistic.it', 'fmlogistic.es', 'fmlogistic.com.ua', 'fmlogistic.pl', 'fmlogistic.it', 'fmlogistic.ro']
syne : ['synergie.com', 'synergiejobs.nl', 'synergiejobs.at', 'synergie.es', 'synergie.pt', 'synergiejobs.at']
budg : ['budget-egypt.com', 'budget.co.ao', 'budget.co.ao', 'budget.rs', 'budgetinternational.com', 'budgetoman.com', 'budgetqatar.com', 'budget.com.do', 'budget.bg', 'budgetqatar.com', 'budget-egypt.com', 'budgetinternational.com', 'budget.bg', 'budget.rs', 'budgetglacier.com', 'budget-ireland.co.uk', 'budget.com.do', 'budget-ireland.co.uk']
axa : ['axa.dz', 'axa.ad', 'axa-assistance.ma', 'axa-assistance.pl', 'axa-assistance.pl', 'axa.ma', 'axa.dz', 'axa.dz', 'axa-assistance.ma', 'axa-assistance.ma', 'axa-assistance.pl', 'axa.com.br', 'axa-assistance.cz', 'axa.ad', 'axa-assistance.cz', 'axa.com.br', 'axa-assistance.cz', 'axa-lifeeurope.com', 'axa-lifeeurope.com', 'axa.be', 'axa.com.br', 'axa.be', 'axa-lifeeurope.com']
amwa : ['amway.at', 'amway.ch', 'amway.it', 'amway.de', 'amway.co.jp', 'amway.ca', 'amway.com.do', 'amway.fr']
shop : ['shopee.in', 'shopee.co.th', 'shopee.com.my', 'shopee.com.co', 'shopee.co.id', 'shopee.com.mx', 'shopee.vn']
kawa : ['kawasaki-seufert.de', 'kawasaki-magdeburg.de', 'kawasaki-herzog.de', 'kawasaki-center-koeln.de']
sone : ['soneparfrance.fr', 'sonepar.pt', 'sonepar.com.sg', 'sonepar.pe', 'sonepar.hu', 'soneparusa.com', 'soneparthailand.com', 'sonepar.co', 'sonepar.cz']
mtn : ['mtn.com.gh', 'mtn.co.rw', 'mtn.ci', 'mtn.com.af', 'mtn.zm', 'mtn.co.sz', 'mtn.ng', 'mtn.cg']
viva : ['vivaconagua.org.za', 'vivaconagua.at']
mini : ['miniso.nc', 'minisoindia.com', 'miniso-au.com', 'minisocr.com', 'miniso.com.ec', 'miniso-home.ro', 'miniso.ge', 'minisouruguay.com.uy']
arde : ['ardex.at', 'ardex.dk', 'ardex.com.tw', 'ardex.de', 'ardex-france.fr', 'ardexbuildingproducts.ie', 'ardexamericas.com', 'ardex.eu', 'ardex.pl']
dura : ['duracleanservicebybob.com', 'duracleancarpet.com', 'duracleanrestoration.com', 'duracleanmaine.com', 'duracell.in', 'duracell.com.tr', 'duraclean.us', 'duracell.es', 'duracell.pl', 'duracell.it', 'durableonline.com.sg', 'duracell.co.za', 'duraclean.net', 'duracell.fr', 'duracell-me.com', 'duracleanservices.net']
trul : ['trulynolenalagoas.com.br', 'trulynolengoias.com.br', 'trulynolennatal.com.br', 'trulynolenparaiba.com.br', 'trulynolencampogrande.com.br', 'trulynolenrecife.com.br', 'trulynolenpiaui.com.br', 'trulynolenbarueri.com.br']
job : ['job-impulse.hu', 'job-impulse.es', 'job-impulse.co.jp', 'job-impulse.pt', 'job-impulse.sk', 'job-impulse.us', 'job-impulse.mx']
plas : ['plastoplan.pl', 'plastoplan.rs', 'plastoplan.si', 'plastoplan.com']
alia : ['aliaxis.cz', 'aliaxis.be', 'aliaxis.gr', 'aliaxis.hu', 'aliaxis.it', 'aliaxis.bg', 'aliaxis-me.com', 'aliaxis.pl']
buyd : ['buydaikin.ro', 'buydaikin.ro']
scha : ['schaumann.it', 'schaumann.cz', 'schaumann.fr']
svnc : ['svnchicagopm.com', 'svncredit.ro']
wwfc : ['wwfchina.org', 'wwfchina.org', 'wwfcz.org', 'wwfchina.org', 'wwfcz.org', 'wwfcz.org', 'wwfchina.org', 'wwfcz.org']
word : ['wordans.de', 'wordans.it']
stor : ['storisell.com', 'stora-drain.be']
advo : ['advocarenewbornnetwork.com', 'advocarewdp.com', 'advocaremorristownpediatrics.com']
rema : ['remax-go.com.ar', 'remax-buchholz.de', 'remax-pinneberg.de', 'remaxcrystal.com', 'remax-lueneburg.de', 'remax.fi', 'remax-emblema.com.ar']
jll : ['jll.co.kr', 'jll.lu', 'jll.com.lk', 'jll.fi', 'jll.co.il', 'jll.ch', 'jll.nz']
prom : ['promat.ch', 'promstahl.de']
msd : ['msd-animal-health.pt', 'msd.es', 'msd-animal-health.es', 'msd-animal-health.dk', 'msd-animal-health.it', 'msd-animal-health.co.nz', 'msd-animal-health.co.uk', 'msd-animal-health.pl', 'msd-animal-health.com.au', 'msd-animal-health.be']
hert : ['hertz.com.ge', 'hertz-autopozicovna.sk', 'hertz.com.ge', 'hertz.am', 'hertz.com.cy', 'hertzhn.com', 'hertz-autopujcovna.cz', 'hertz.ro', 'hertz.am', 'hertz-tilburg.nl', 'hertz.yt', 'hertz.com.do']
land : ['landi.swiss', 'landermitsubishi.com.au', 'landish.ca']
hans : ['hansa-flex.com.cn', 'hansa-flex.at', 'hansa-flex.com.pl', 'hansa-flex.be', 'hansa-flex.us', 'hansa-flex.co.uk']
tita : ['titancontainers.co.nz', 'titancontainers.dk', 'titancontainers.us', 'titancontainers.com.tr', 'titancontainers.fr', 'titancontainers.ie', 'titancontainers.co.uk', 'titancontainers.at']
expe : ['experian.in', 'experian.co.nz', 'experian.co.uk', 'experian.com.sg', 'experianidworks.com', 'experianacademy.com', 'experian.com.my', 'experian.com.hk']
peps : ['pepsico.sa', 'pepsico.com.tr', 'pepsico.com.pk', 'pepsico.com.co', 'pepsico.fr', 'pepsico.rs', 'pepsico.es', 'pepsico.co.it', 'pepsico.ua', 'pepsico.pt', 'pepsico.com.br', 'pepsico.ru']
pilo : ['pilotpen.co.th', 'pilotpen.co.uk', 'pilotpen.eu', 'pilotpen.com.au', 'pilotpen.it', 'pilotpen.hu', 'pilotpen.ro']
holl : ['hollandandbarrett.com.mt', 'hollandandbarrett.ae']
alte : ['alten-consulting.de', 'altenusa.com', 'altenromania.ro', 'altengt.com', 'alten.ca']
ande : ['anderson-negele-gmbh.ru', 'anderson-negele-gmbh.ru']
niss : ['nissantireadvantage.com', 'nissanofopelousas.com', 'nissanofgardencity.com', 'nissanattheavenues.com', 'nissanmanufacturing.com', 'nissanofthebronx.com', 'nissanoflebanonnh.com', 'nissanmiddletownny.com']
habi : ['habitatns.ca', 'habitat.hu', 'habitatstl.org', 'habitatvietnam.org', 'habitativ.org', 'habitatbroward.org', 'habitatindiana.org', 'habitatmichigan.org', 'habitatcoosavalley.org']
nexi : ['nexi.hr', 'nexi.gr', 'nexigroup.com', 'nexicentraleurope.com']
invi : ['invisalign.co.il', 'invisalign.co.uk', 'invisalign.fr', 'invisalign.co.kr', 'invisalign.it', 'invisalign.de', 'invisalign.ch', 'invisalign.ae']
over : ['overheaddoormankato.com', 'overheaddoorriverton.com', 'overheaddoorcompanyjackson.com', 'overheaddoorfayetteville.com', 'overheaddooraz.com', 'overheaddoorbrookfield.com', 'overheaddoorkalamazoo.com', 'overheaddoorsrichmond.com', 'overheaddoorofterrehaute.com']
cano : ['canon.cl', 'canon.com.br', 'canonburgos.com', 'canon-its.co.jp']
tapf : ['tapflo.co.za', 'tapflo.it', 'tapflo.kz', 'tapflo.hu', 'tapflo.at', 'tapflo.nl', 'tapflo.by', 'tapflo.se']
indi : ['indiancancersocietybangalore.org', 'indianmotorcycle.com.ar', 'indianmotorcyclesturgis.com']
whir : ['whirlpool.com.hk', 'whirlpool.com.sg', 'whirlpoolservice.co.uk', 'whirlpool-bangladesh.com']
stam : ['stampinup.ca', 'stampinup.uk']
spra : ['sprachcaffe-muenchen.com', 'sprachschule-aktiv-kaiserslautern.de', 'sprachschule-aktiv.de', 'sprachschule-aktiv-basel.ch', 'sprachschule-aktiv-passau.de']
kiac : ['kiacadca.sk', 'kiacoldlake.com', 'kiacowansville.com']
gs1 : ['gs1.at', 'gs1.ro', 'gs1.org.bo', 'gs1.dk']
aies : ['aiesec.ba', 'aiesecaustralia.org', 'aiesec.cl', 'aiesec.my', 'aiesec.org.es', 'aiesecargentina.org', 'aiesec.gr', 'aiesec.org.rs']
gs1h : ['gs1hu.org', 'gs1hr.org']
goli : ['goliathgames.com', 'goliathgames.de', 'goliathgames.es']
pkfc : ['pkfcr.co.nz', 'pkfcaribbean.com', 'pkfcabrera.com', 'pkfcemac.com', 'pkfcs.co.nz']
foxi : ['foxinabox.mx', 'foxinaboxlondon.uk', 'foxinaboxgraz.at', 'foxinaboxmiami.com', 'foxinaboxbrisbane.com', 'foxinaboxgoldcoast.com', 'foxinaboxzutphen.com']
thel : ['thelab.id', 'thelocal.ch', 'thelocal.it', 'thelocal.es', 'thelocal.at', 'thelocal.dk', 'thelocal.no', 'thelocal.fr']
skod : ['skoda-clermontferrand.fr', 'skoda-metz.fr', 'skodalondon.com', 'skodanews.de', 'skoda-nancy.fr']
cdlv : ['cdlvideira.com.br', 'cdlvitoria.com.br']
komo : ['komoder.com', 'komoder.co.uk', 'komoder.md']
funi : ['funiber.ml', 'funiber.ci', 'funiber.ma', 'funiber.cm', 'funiber.it', 'funiber.us', 'funiber.org.uy', 'funiber.sn', 'funiber.fr', 'funiber.org.co']
kell : ['kelloggs.gr', 'kelloggs.no', 'kelloggs.it', 'kelloggs.fr']
kiaj : ['kiajc.com', 'kiajc.com']
wolt : ['wolterskluwer.dk', 'wolterskluwer.com.my']
stoc : ['stocanada.com', 'stocanada.com', 'stockco.co.nz']
ungl : ['unglobalcompact.ca', 'unglobalcompactghana.com']
holi : ['holidayland-friedrichshafen.de', 'holidayland-sanktwendel.de', 'holidayland-roedermark.de', 'holidayland-dorfen.de', 'holidayland-pohlheim.de', 'holidayland-wunstorf.de', 'holidayland-reisebuero-stuppert.de', 'holidayland-durmersheim.de', 'holidayland-bruchkoebel.de']
spec : ['specialolympics.com.au', 'specialistnutrition.us']
isuz : ['isuzu.com', 'isuzubarcs.hu', 'isuzu.net.my', 'isuzu.co.mz', 'isuzugyor.hu', 'isuzu-vietnam.com', 'isuzuhanoi.com', 'isuzuniaga.com']
gulf : ['gulfoilltd.com', 'gulf.no', 'gulf-japan.com', 'gulfsverige.com', 'gulf.lu', 'gulfcombustibles.com', 'gulf.com.mk', 'gulfoilchina.com', 'gulfoil.co.uk']
stos : ['stosignature.com', 'stosignature.com']
medi : ['mediqdirekt.de', 'mediqdirekt.hu', 'medicover.de']
asen : ['asendia.de', 'asendia.it', 'asendia.dk', 'asendiausa.com', 'asendia.co.uk', 'asendia.at', 'asendia.es', 'asendia.se', 'asendia.sg']
rsm : ['rsm.lu', 'rsm.bh']
tool : ['toolstationjobs.be', 'toolstationjobs.nl']
subw : ['subway.com.tw', 'subwayburbank.com', 'subway.co.id', 'subwayfrance.fr', 'subway.com.my', 'subway.ru', 'subway-franchise.fr', 'subwaypacific.com']
mons : ['monster.ie', 'monster.be', 'monster.co.uk', 'monster.se', 'monster.at']
cdlc : ['cdlcampina.org.br', 'cdlcuritiba.org.br']
gs1m : ['gs1mt.org', 'gs1my.org']
furu : ['furuno.fr', 'furuno.co.uk', 'furuno.gr', 'furuno.it']
rexe : ['rexel.se', 'rexel.it', 'rexel.ca']
seku : ['sekulin-allianz.de', 'sekulin-allianz.de']
dci : ['dci.co.th', 'dci.co.th']
path : ['patheon.com', 'path-solutions.com', 'patheon.kr']
desj : ['desjoyaux.com.cn', 'desjoyauxgh.com', 'desjoyauxcreuse.com', 'desjoyaux.de', 'desjoyaux.co.uk']
pkfb : ['pkfboston.com', 'pkfboi.nz']
cinn : ['cinnabonrussia.com', 'cinnabon.mx', 'cinnabon.com.tr', 'cinnabon.co.za', 'cinnabon-ksa.com', 'cinnabon.ca', 'cinnabon.pk', 'cinnabon-egypt.com']
anal : ['analytik-jena.fr', 'analytik-jena.ru']
nora : ['norauto.com', 'norauto-empleo.es']
gjw : ['gjw-sachsen.de', 'gjw-nrw.de', 'gjw-hessen.de', 'gjw-bb.de', 'gjw-nd.de', 'gjw-mv.de']
mers : ['mersen.jp', 'mersen.com.br', 'mersen.com.tr', 'mersen.it', 'mersen.hu', 'mersen.es', 'mersen.in']
digi : ['digilite.com.au', 'digi-intl.co.jp']
baue : ['bauermedia.no', 'bauer-egypt.com']
take : ['takeda.nl', 'takeda.com.ru', 'takedaoncology.com']
aecc : ['aeccglobal.co.th', 'aeccglobal.com.bd', 'aeccglobal.sg', 'aeccglobal.co.id', 'aeccglobal.ng', 'aeccglobal.vn', 'aeccglobal.lk', 'aeccglobal.my']
cdlj : ['cdljatai.com.br', 'cdljovem.org.br']
bcur : ['bcurelaser.co.il', 'bcurelaser.com']
bime : ['bimeda.ie', 'bimedacanada.com', 'bimedasuramerica.com', 'bimedaus.com']
orbi : ['orbico.com.mk', 'orbico-kenoanyagok.hu']
clea : ['cleansui-usa.com', 'clearblueionizer.be']
labo : ['laborelec.com', 'laborelec.com']
desi : ['designpluz.com', 'designmehair.cz']
vwsw : ['vwswestgarth.com', 'vwswestgarth.com', 'vwswestgarth.com']
msmo : ['msmode.de', 'msmode.es', 'msmode.fr', 'msmode.lu']
aire : ['aireonepeel.ca', 'aireserv.ca']
aon : ['aon.lt', 'aon.lv', 'aon.hu', 'aon.co.nz']
krug : ['krugerkaldnes.no', 'krugerkaldnes.no']
biot : ['biothanesolutions.com', 'biothanesolutions.com', 'biothanesolutions.com']
Total number of dublicates: 3891
Total number of companies with dublicates: 276
Total number of companies (non dublicate): 769
